# vsim -voptargs="+acc" work.top -classdebug -uvmcontrol=all -coverage -l sim.log 
# Start time: 01:09:39 on Sep 09,2025
# ** Note: (vsim-8009) Loading existing optimized design _opt
# Loading sv_std.std
# Loading work.intf(fast)
# Loading work.shared_pkg(fast)
# Loading mtiUvm.uvm_pkg(fast)
# Loading work.pack_1(fast)
# ** Warning: (vsim-PLI-3691) Expected a system task, not a system function '$fscanf'.
#    Time: 0 ns  Iteration: 0  Region: /pack_1::my_scoreboard::run_phase/#ublk#124231969#36 File: scoreboard.svh Line: 66
# Loading mtiUvm.questa_uvm_pkg(fast)
# Loading work.top(fast)
# Loading work.intf(fast__2)
# Loading work.wrapper(fast)
# Loading work.AES_Encrypt(fast)
# Loading work.keyExpansion(fast)
# Loading work.addRoundKey(fast)
# Loading work.encryptRound(fast)
# Loading work.subBytes(fast)
# Loading work.sbox(fast)
# Loading work.shiftRows(fast)
# Loading work.mixColumns(fast)
# Loading D:/Mentor_Graphics_QuestaSim_2021.1x64/uvm-1.1d\win64\uvm_dpi.dll
# ----------------------------------------------------------------
# UVM-1.1d
# (C) 2007-2013 Mentor Graphics Corporation
# (C) 2007-2013 Cadence Design Systems, Inc.
# (C) 2006-2013 Synopsys, Inc.
# (C) 2011-2013 Cypress Semiconductor Corp.
# ----------------------------------------------------------------
# 
#   ***********       IMPORTANT RELEASE NOTES         ************
# 
#   You are using a version of the UVM library that has been compiled
#   with `UVM_NO_DEPRECATED undefined.
#   See http://www.eda.org/svdb/view.php?id=3313 for more details.
# 
#   You are using a version of the UVM library that has been compiled
#   with `UVM_OBJECT_MUST_HAVE_CONSTRUCTOR undefined.
#   See http://www.eda.org/svdb/view.php?id=3770 for more details.
# 
#       (Specify +UVM_NO_RELNOTES to turn off this notice)
# 
# UVM_INFO verilog_src/questa_uvm_pkg-1.2/src/questa_uvm_pkg.sv(277) @ 0: reporter [Questa UVM] QUESTA_UVM-1.2.3
# UVM_INFO verilog_src/questa_uvm_pkg-1.2/src/questa_uvm_pkg.sv(278) @ 0: reporter [Questa UVM]  questa_uvm::init(all)
# UVM_INFO @ 0: reporter [RNTST] Running test my_test...
# 
# 
# In build phase of my_test
# In build phase of my_env
# In build phase of my_agent
# In build phase of my_driver
# In build phase of my_monitor
# In build phase of my_sequencer
# In build phase of my_scoreboard
# In build phase of my_subscriber 
# 
# 
# In connect phase of my_driver
# In connect phase of my_monitor
# In connect phase of my_sequencer
# In connect phase of my_agent
# In connect phase of my_scoreboard
# In connect phase of my_subscriber
# In connect phase of my_env
# In connect phase of my_test
# UVM_INFO test.svh(50) @ 0: uvm_test_top [run_phase] welcome to AES UVM
# 
# ----------------------------------------------------------------------------------------------------------------------------------------------------------------------------------------------------------------
# 
# UVM_INFO test.svh(54) @ 0: uvm_test_top [run_phase] Initialization started
# **************************************************************************
# * Questa UVM Transaction Recording Turned ON.                            *
# * recording_detail has been set.                                         *
# *  To turn off, set 'recording_detail' to off:                           *
# * uvm_config_db#(int)            ::set(null, "", "recording_detail", 0); *
# * uvm_config_db#(uvm_bitstream_t)::set(null, "", "recording_detail", 0); *
# **************************************************************************
# 
# SUCCESS [21]: OUT IS 00000000000000000000000000000000 and EXP OUT IS 00000000000000000000000000000000 
# 
# Sequence Done_0
# UVM_INFO test.svh(56) @ 21: uvm_test_top [run_phase] Initialization ended
# 
# ----------------------------------------------------------------------------------------------------------------------------------------------------------------------------------------------------------------
# 
# UVM_INFO test.svh(60) @ 21: uvm_test_top [run_phase] TS01 started
# 
# SUCCESS [61]: OUT IS 69c4e0d86a7b0430d8cdb78070b4c55a and EXP OUT IS 69c4e0d86a7b0430d8cdb78070b4c55a 
# 
# Sequence Done_1
# UVM_INFO test.svh(62) @ 61: uvm_test_top [run_phase] TS01 ended
# 
# ----------------------------------------------------------------------------------------------------------------------------------------------------------------------------------------------------------------
# 
# UVM_INFO test.svh(66) @ 61: uvm_test_top [run_phase] TS02 started
# 
# SUCCESS [101]: OUT IS 801f23c4ccbe71ffbb27f7f17e3f1f4f and EXP OUT IS 801f23c4ccbe71ffbb27f7f17e3f1f4f 
# 
# 
# SUCCESS [141]: OUT IS 23d9d932e798045d0277e0f16431c6bc and EXP OUT IS 23d9d932e798045d0277e0f16431c6bc 
# 
# 
# SUCCESS [181]: OUT IS a0be65ed0055f8ebce6ba8e3985e9368 and EXP OUT IS a0be65ed0055f8ebce6ba8e3985e9368 
# 
# 
# SUCCESS [221]: OUT IS 9ea2c8180b58af5069c1d91cac6d8a2a and EXP OUT IS 9ea2c8180b58af5069c1d91cac6d8a2a 
# 
# 
# SUCCESS [261]: OUT IS 006fd8dff51aa97f9df7805b4a396ddb and EXP OUT IS 006fd8dff51aa97f9df7805b4a396ddb 
# 
# 
# SUCCESS [301]: OUT IS 63bbeae87df8aaab6488971fa4a07515 and EXP OUT IS 63bbeae87df8aaab6488971fa4a07515 
# 
# 
# SUCCESS [341]: OUT IS 6f41cc8e0db813cdca35742aee00d89b and EXP OUT IS 6f41cc8e0db813cdca35742aee00d89b 
# 
# 
# SUCCESS [381]: OUT IS 5f6489652ad193195862bd23713bb7e9 and EXP OUT IS 5f6489652ad193195862bd23713bb7e9 
# 
# 
# SUCCESS [421]: OUT IS 4469e53bef7ab89375547f9d0e23198c and EXP OUT IS 4469e53bef7ab89375547f9d0e23198c 
# 
# 
# SUCCESS [461]: OUT IS 67f922f266b65197b28081056c6f5b4c and EXP OUT IS 67f922f266b65197b28081056c6f5b4c 
# 
# 
# SUCCESS [501]: OUT IS e5fdb9bd1750a70fb158cf6568a82ddd and EXP OUT IS e5fdb9bd1750a70fb158cf6568a82ddd 
# 
# 
# SUCCESS [541]: OUT IS 88c26ef37d11817973599875a7c85f46 and EXP OUT IS 88c26ef37d11817973599875a7c85f46 
# 
# 
# SUCCESS [581]: OUT IS 07b7b0db65a53e7760d4d876fedb5889 and EXP OUT IS 07b7b0db65a53e7760d4d876fedb5889 
# 
# 
# SUCCESS [621]: OUT IS c07093ecab51ffb681a80d2d5c46824a and EXP OUT IS c07093ecab51ffb681a80d2d5c46824a 
# 
# 
# SUCCESS [661]: OUT IS de047223135a3e2d8673963e0564678e and EXP OUT IS de047223135a3e2d8673963e0564678e 
# 
# 
# SUCCESS [701]: OUT IS 523c6b9929518ce89b212966056762b1 and EXP OUT IS 523c6b9929518ce89b212966056762b1 
# 
# 
# SUCCESS [741]: OUT IS fa5d5a5011c1aa26a0acbcba8b80fe05 and EXP OUT IS fa5d5a5011c1aa26a0acbcba8b80fe05 
# 
# 
# SUCCESS [781]: OUT IS 6e9d4bf41749e3472db9ffcf058ea444 and EXP OUT IS 6e9d4bf41749e3472db9ffcf058ea444 
# 
# 
# SUCCESS [821]: OUT IS 89d81b55dbfc905e68ada924f66cf7b8 and EXP OUT IS 89d81b55dbfc905e68ada924f66cf7b8 
# 
# 
# SUCCESS [861]: OUT IS 4d9a96d868521032c192a1466fca9dac and EXP OUT IS 4d9a96d868521032c192a1466fca9dac 
# 
# 
# SUCCESS [901]: OUT IS 9a99552dde97238ef2902b8555b1f1a3 and EXP OUT IS 9a99552dde97238ef2902b8555b1f1a3 
# 
# 
# SUCCESS [941]: OUT IS 7776337bde31be750c31c5ba986bf4bf and EXP OUT IS 7776337bde31be750c31c5ba986bf4bf 
# 
# 
# SUCCESS [981]: OUT IS e6946a26fea095b60536dacf70894efe and EXP OUT IS e6946a26fea095b60536dacf70894efe 
# 
# 
# SUCCESS [1021]: OUT IS ed706475813b657d9975efd5adefa896 and EXP OUT IS ed706475813b657d9975efd5adefa896 
# 
# 
# SUCCESS [1061]: OUT IS f70a32dfda37dcee05dda786b925f514 and EXP OUT IS f70a32dfda37dcee05dda786b925f514 
# 
# 
# SUCCESS [1101]: OUT IS 592e6192f887b94361007844c54ae449 and EXP OUT IS 592e6192f887b94361007844c54ae449 
# 
# 
# SUCCESS [1141]: OUT IS 87e19afac2abfa8ffffa0ff1a77aa49a and EXP OUT IS 87e19afac2abfa8ffffa0ff1a77aa49a 
# 
# 
# SUCCESS [1181]: OUT IS 3841faaf7950dcd258e32b154717fc92 and EXP OUT IS 3841faaf7950dcd258e32b154717fc92 
# 
# 
# SUCCESS [1221]: OUT IS 552a4b018fd0dd990c915fe12c18a996 and EXP OUT IS 552a4b018fd0dd990c915fe12c18a996 
# 
# 
# SUCCESS [1261]: OUT IS b77af7cafdb812cabd6953bb7b390675 and EXP OUT IS b77af7cafdb812cabd6953bb7b390675 
# 
# 
# SUCCESS [1301]: OUT IS 8c3b6adf3dfd36c16610efc414f21e2a and EXP OUT IS 8c3b6adf3dfd36c16610efc414f21e2a 
# 
# 
# SUCCESS [1341]: OUT IS 2d878f5c24c7012bfec342548fb2c5e0 and EXP OUT IS 2d878f5c24c7012bfec342548fb2c5e0 
# 
# 
# SUCCESS [1381]: OUT IS 687bee03a4887be64658f2f2dba89e16 and EXP OUT IS 687bee03a4887be64658f2f2dba89e16 
# 
# Break key hit
# 
# SUCCESS [1421]: OUT IS c50f3fe233100d89f5fdbe1ec543b6fe and EXP OUT IS c50f3fe233100d89f5fdbe1ec543b6fe 
# 
# Break in Module sbox at sbox.v line 9
do run.do
# QuestaSim-64 vlog 2021.1 Compiler 2021.01 Jan 19 2021
# Start time: 01:13:06 on Sep 09,2025
# vlog -reportprogress 300 -f src_files.list "+cover" -covercells 
# -- Compiling package shared_pkg
# -- Compiling interface intf
# -- Compiling package pack_1
# -- Importing package mtiUvm.uvm_pkg (uvm-1.1d Built-in)
# -- Importing package shared_pkg
# ** Note: (vlog-2286) pack1.sv(5): Using implicit +incdir+D:/Mentor_Graphics_QuestaSim_2021.1x64/uvm-1.1d/../verilog_src/uvm-1.1d/src from import uvm_pkg
# ** Warning: scoreboard.svh(104): (vlog-2240) Treating stand-alone use of function 'pop_front' as an implicit VOID cast.
# -- Compiling module subBytes
# -- Compiling module shiftRows
# -- Compiling module sbox
# -- Compiling module mixColumns
# -- Compiling module keyExpansion
# -- Compiling module encryptRound
# -- Compiling module addRoundKey
# -- Compiling module AES_Encrypt
# -- Compiling module wrapper
# -- Compiling module top
# -- Importing package pack_1
# 
# Top level modules:
# 	top
# End time: 01:13:07 on Sep 09,2025, Elapsed time: 0:00:01
# Errors: 0, Warnings: 1
# ** Error: Acs sdne.
# 
#        Unable to replace existing ini file (D:/Mustafa/Projects/Verification/AES_UVM_ENV/UVM/aes_uvm_testing.mpf).  File can not be renamed.
# ** Error: Acs sdne.
# 
#        Unable to replace existing ini file (D:/Mustafa/Projects/Verification/AES_UVM_ENV/UVM/aes_uvm_testing.mpf).  File can not be renamed.
# ** Error: Acs sdne.
# 
#        Unable to replace existing ini file (D:/Mustafa/Projects/Verification/AES_UVM_ENV/UVM/aes_uvm_testing.mpf).  File can not be renamed.
# Saving coverage database on exit...
# End time: 01:13:21 on Sep 09,2025, Elapsed time: 0:03:42
# Errors: 3, Warnings: 2
# vsim -voptargs="+acc" work.top -classdebug -uvmcontrol=all -coverage -l sim.log 
# Start time: 01:13:22 on Sep 09,2025
# ** Note: (vsim-8009) Loading existing optimized design _opt
# Loading sv_std.std
# Loading work.intf(fast)
# Loading work.shared_pkg(fast)
# Loading mtiUvm.uvm_pkg(fast)
# Loading work.pack_1(fast)
# ** Warning: (vsim-PLI-3691) Expected a system task, not a system function '$fscanf'.
#    Time: 0 ns  Iteration: 0  Region: /pack_1::my_scoreboard::run_phase/#ublk#124231969#36 File: scoreboard.svh Line: 66
# Loading mtiUvm.questa_uvm_pkg(fast)
# Loading work.top(fast)
# Loading work.intf(fast__2)
# Loading work.wrapper(fast)
# Loading work.AES_Encrypt(fast)
# Loading work.keyExpansion(fast)
# Loading work.addRoundKey(fast)
# Loading work.encryptRound(fast)
# Loading work.subBytes(fast)
# Loading work.sbox(fast)
# Loading work.shiftRows(fast)
# Loading work.mixColumns(fast)
# Loading D:/Mentor_Graphics_QuestaSim_2021.1x64/uvm-1.1d\win64\uvm_dpi.dll
# ----------------------------------------------------------------
# UVM-1.1d
# (C) 2007-2013 Mentor Graphics Corporation
# (C) 2007-2013 Cadence Design Systems, Inc.
# (C) 2006-2013 Synopsys, Inc.
# (C) 2011-2013 Cypress Semiconductor Corp.
# ----------------------------------------------------------------
# 
#   ***********       IMPORTANT RELEASE NOTES         ************
# 
#   You are using a version of the UVM library that has been compiled
#   with `UVM_NO_DEPRECATED undefined.
#   See http://www.eda.org/svdb/view.php?id=3313 for more details.
# 
#   You are using a version of the UVM library that has been compiled
#   with `UVM_OBJECT_MUST_HAVE_CONSTRUCTOR undefined.
#   See http://www.eda.org/svdb/view.php?id=3770 for more details.
# 
#       (Specify +UVM_NO_RELNOTES to turn off this notice)
# 
# UVM_INFO verilog_src/questa_uvm_pkg-1.2/src/questa_uvm_pkg.sv(277) @ 0: reporter [Questa UVM] QUESTA_UVM-1.2.3
# UVM_INFO verilog_src/questa_uvm_pkg-1.2/src/questa_uvm_pkg.sv(278) @ 0: reporter [Questa UVM]  questa_uvm::init(all)
# UVM_INFO @ 0: reporter [RNTST] Running test my_test...
# 
# 
# In build phase of my_test
# In build phase of my_env
# In build phase of my_agent
# In build phase of my_driver
# In build phase of my_monitor
# In build phase of my_sequencer
# In build phase of my_scoreboard
# In build phase of my_subscriber 
# 
# 
# In connect phase of my_driver
# In connect phase of my_monitor
# In connect phase of my_sequencer
# In connect phase of my_agent
# In connect phase of my_scoreboard
# In connect phase of my_subscriber
# In connect phase of my_env
# In connect phase of my_test
# UVM_INFO test.svh(50) @ 0: uvm_test_top [run_phase] welcome to AES UVM
# 
# ----------------------------------------------------------------------------------------------------------------------------------------------------------------------------------------------------------------
# 
# UVM_INFO test.svh(54) @ 0: uvm_test_top [run_phase] Initialization started
# **************************************************************************
# * Questa UVM Transaction Recording Turned ON.                            *
# * recording_detail has been set.                                         *
# *  To turn off, set 'recording_detail' to off:                           *
# * uvm_config_db#(int)            ::set(null, "", "recording_detail", 0); *
# * uvm_config_db#(uvm_bitstream_t)::set(null, "", "recording_detail", 0); *
# **************************************************************************
# 
# SUCCESS [21]: OUT IS 00000000000000000000000000000000 and EXP OUT IS 00000000000000000000000000000000 
# 
# Sequence Done_0
# UVM_INFO test.svh(56) @ 21: uvm_test_top [run_phase] Initialization ended
# 
# ----------------------------------------------------------------------------------------------------------------------------------------------------------------------------------------------------------------
# 
# UVM_INFO test.svh(60) @ 21: uvm_test_top [run_phase] TS01 started
# 
# SUCCESS [61]: OUT IS 69c4e0d86a7b0430d8cdb78070b4c55a and EXP OUT IS 69c4e0d86a7b0430d8cdb78070b4c55a 
# 
# Sequence Done_1
# UVM_INFO test.svh(62) @ 61: uvm_test_top [run_phase] TS01 ended
# 
# ----------------------------------------------------------------------------------------------------------------------------------------------------------------------------------------------------------------
# 
# UVM_INFO test.svh(66) @ 61: uvm_test_top [run_phase] TS02 started
# 
# SUCCESS [101]: OUT IS 801f23c4ccbe71ffbb27f7f17e3f1f4f and EXP OUT IS 801f23c4ccbe71ffbb27f7f17e3f1f4f 
# 
# 
# SUCCESS [141]: OUT IS 23d9d932e798045d0277e0f16431c6bc and EXP OUT IS 23d9d932e798045d0277e0f16431c6bc 
# 
# 
# SUCCESS [181]: OUT IS a0be65ed0055f8ebce6ba8e3985e9368 and EXP OUT IS a0be65ed0055f8ebce6ba8e3985e9368 
# 
# 
# SUCCESS [221]: OUT IS 9ea2c8180b58af5069c1d91cac6d8a2a and EXP OUT IS 9ea2c8180b58af5069c1d91cac6d8a2a 
# 
# 
# SUCCESS [261]: OUT IS 006fd8dff51aa97f9df7805b4a396ddb and EXP OUT IS 006fd8dff51aa97f9df7805b4a396ddb 
# 
# 
# SUCCESS [301]: OUT IS 63bbeae87df8aaab6488971fa4a07515 and EXP OUT IS 63bbeae87df8aaab6488971fa4a07515 
# 
# 
# SUCCESS [341]: OUT IS 6f41cc8e0db813cdca35742aee00d89b and EXP OUT IS 6f41cc8e0db813cdca35742aee00d89b 
# 
# 
# SUCCESS [381]: OUT IS 5f6489652ad193195862bd23713bb7e9 and EXP OUT IS 5f6489652ad193195862bd23713bb7e9 
# 
# 
# SUCCESS [421]: OUT IS 4469e53bef7ab89375547f9d0e23198c and EXP OUT IS 4469e53bef7ab89375547f9d0e23198c 
# 
# 
# SUCCESS [461]: OUT IS 67f922f266b65197b28081056c6f5b4c and EXP OUT IS 67f922f266b65197b28081056c6f5b4c 
# 
# 
# SUCCESS [501]: OUT IS e5fdb9bd1750a70fb158cf6568a82ddd and EXP OUT IS e5fdb9bd1750a70fb158cf6568a82ddd 
# 
# 
# SUCCESS [541]: OUT IS 88c26ef37d11817973599875a7c85f46 and EXP OUT IS 88c26ef37d11817973599875a7c85f46 
# 
# 
# SUCCESS [581]: OUT IS 07b7b0db65a53e7760d4d876fedb5889 and EXP OUT IS 07b7b0db65a53e7760d4d876fedb5889 
# 
# 
# SUCCESS [621]: OUT IS c07093ecab51ffb681a80d2d5c46824a and EXP OUT IS c07093ecab51ffb681a80d2d5c46824a 
# 
# 
# SUCCESS [661]: OUT IS de047223135a3e2d8673963e0564678e and EXP OUT IS de047223135a3e2d8673963e0564678e 
# 
# 
# SUCCESS [701]: OUT IS 523c6b9929518ce89b212966056762b1 and EXP OUT IS 523c6b9929518ce89b212966056762b1 
# 
# 
# SUCCESS [741]: OUT IS fa5d5a5011c1aa26a0acbcba8b80fe05 and EXP OUT IS fa5d5a5011c1aa26a0acbcba8b80fe05 
# 
# 
# SUCCESS [781]: OUT IS 6e9d4bf41749e3472db9ffcf058ea444 and EXP OUT IS 6e9d4bf41749e3472db9ffcf058ea444 
# 
# 
# SUCCESS [821]: OUT IS 89d81b55dbfc905e68ada924f66cf7b8 and EXP OUT IS 89d81b55dbfc905e68ada924f66cf7b8 
# 
# 
# SUCCESS [861]: OUT IS 4d9a96d868521032c192a1466fca9dac and EXP OUT IS 4d9a96d868521032c192a1466fca9dac 
# 
# 
# SUCCESS [901]: OUT IS 9a99552dde97238ef2902b8555b1f1a3 and EXP OUT IS 9a99552dde97238ef2902b8555b1f1a3 
# 
# 
# SUCCESS [941]: OUT IS 7776337bde31be750c31c5ba986bf4bf and EXP OUT IS 7776337bde31be750c31c5ba986bf4bf 
# 
# 
# SUCCESS [981]: OUT IS e6946a26fea095b60536dacf70894efe and EXP OUT IS e6946a26fea095b60536dacf70894efe 
# 
# 
# SUCCESS [1021]: OUT IS ed706475813b657d9975efd5adefa896 and EXP OUT IS ed706475813b657d9975efd5adefa896 
# 
# 
# SUCCESS [1061]: OUT IS f70a32dfda37dcee05dda786b925f514 and EXP OUT IS f70a32dfda37dcee05dda786b925f514 
# 
# 
# SUCCESS [1101]: OUT IS 592e6192f887b94361007844c54ae449 and EXP OUT IS 592e6192f887b94361007844c54ae449 
# 
# 
# SUCCESS [1141]: OUT IS 87e19afac2abfa8ffffa0ff1a77aa49a and EXP OUT IS 87e19afac2abfa8ffffa0ff1a77aa49a 
# 
# 
# SUCCESS [1181]: OUT IS 3841faaf7950dcd258e32b154717fc92 and EXP OUT IS 3841faaf7950dcd258e32b154717fc92 
# 
# 
# SUCCESS [1221]: OUT IS 552a4b018fd0dd990c915fe12c18a996 and EXP OUT IS 552a4b018fd0dd990c915fe12c18a996 
# 
# 
# SUCCESS [1261]: OUT IS b77af7cafdb812cabd6953bb7b390675 and EXP OUT IS b77af7cafdb812cabd6953bb7b390675 
# 
# 
# SUCCESS [1301]: OUT IS 8c3b6adf3dfd36c16610efc414f21e2a and EXP OUT IS 8c3b6adf3dfd36c16610efc414f21e2a 
# 
# 
# SUCCESS [1341]: OUT IS 2d878f5c24c7012bfec342548fb2c5e0 and EXP OUT IS 2d878f5c24c7012bfec342548fb2c5e0 
# 
# 
# SUCCESS [1381]: OUT IS 687bee03a4887be64658f2f2dba89e16 and EXP OUT IS 687bee03a4887be64658f2f2dba89e16 
# 
# 
# SUCCESS [1421]: OUT IS c50f3fe233100d89f5fdbe1ec543b6fe and EXP OUT IS c50f3fe233100d89f5fdbe1ec543b6fe 
# 
# 
# SUCCESS [1461]: OUT IS 6fa219a3d23af46f15d47a0df2bc2563 and EXP OUT IS 6fa219a3d23af46f15d47a0df2bc2563 
# 
# 
# SUCCESS [1501]: OUT IS 3fbe4796b16d7403b25876c3e9a7c4f2 and EXP OUT IS 3fbe4796b16d7403b25876c3e9a7c4f2 
# 
# 
# SUCCESS [1541]: OUT IS 27998f34d12dddab99a6de8f9efb8253 and EXP OUT IS 27998f34d12dddab99a6de8f9efb8253 
# 
# 
# SUCCESS [1581]: OUT IS 18ca89ac6126bf8c606f5cf303587203 and EXP OUT IS 18ca89ac6126bf8c606f5cf303587203 
# 
# 
# SUCCESS [1621]: OUT IS fec50457033709c8a4cac1790d80f917 and EXP OUT IS fec50457033709c8a4cac1790d80f917 
# 
# 
# SUCCESS [1661]: OUT IS 6242975a08efdbd30ba45775cb6fc8c6 and EXP OUT IS 6242975a08efdbd30ba45775cb6fc8c6 
# 
# 
# SUCCESS [1701]: OUT IS 70b1d1272a14b81cb9ad557ad1284d2b and EXP OUT IS 70b1d1272a14b81cb9ad557ad1284d2b 
# 
# 
# SUCCESS [1741]: OUT IS b74dcc079842dc86fc655af1f944986f and EXP OUT IS b74dcc079842dc86fc655af1f944986f 
# 
# 
# SUCCESS [1781]: OUT IS 75d1128f1e17b60badd44d7a5656db88 and EXP OUT IS 75d1128f1e17b60badd44d7a5656db88 
# 
# 
# SUCCESS [1821]: OUT IS 548ac1bdbe6f2d80385eb51972ffe633 and EXP OUT IS 548ac1bdbe6f2d80385eb51972ffe633 
# 
# 
# SUCCESS [1861]: OUT IS 8bf2ca59336a7ac53ac961cb02ac23ce and EXP OUT IS 8bf2ca59336a7ac53ac961cb02ac23ce 
# 
# 
# SUCCESS [1901]: OUT IS 32e1192a29022b9ba0431b65541b92c0 and EXP OUT IS 32e1192a29022b9ba0431b65541b92c0 
# 
# 
# SUCCESS [1941]: OUT IS 711a64674da85878e85c1b93603eb658 and EXP OUT IS 711a64674da85878e85c1b93603eb658 
# 
# 
# SUCCESS [1981]: OUT IS 145e93b8db8fcfdb9aa8e144b81a1b4a and EXP OUT IS 145e93b8db8fcfdb9aa8e144b81a1b4a 
# 
# 
# SUCCESS [2021]: OUT IS f8409b05c07c74d5f4d225ecd040724c and EXP OUT IS f8409b05c07c74d5f4d225ecd040724c 
# 
# 
# SUCCESS [2061]: OUT IS 222311a60ce514e6fb5e0b4a098021d6 and EXP OUT IS 222311a60ce514e6fb5e0b4a098021d6 
# 
# 
# SUCCESS [2101]: OUT IS e318c954c2d889399e1d3893a34f946f and EXP OUT IS e318c954c2d889399e1d3893a34f946f 
# 
# 
# SUCCESS [2141]: OUT IS 84574d925c4f04796c2ff2e8243b23c5 and EXP OUT IS 84574d925c4f04796c2ff2e8243b23c5 
# 
# 
# SUCCESS [2181]: OUT IS fb157fcbbeed1314307e7f839db24f6f and EXP OUT IS fb157fcbbeed1314307e7f839db24f6f 
# 
# 
# SUCCESS [2221]: OUT IS 29120b1e09fe16117974a01c9b91d480 and EXP OUT IS 29120b1e09fe16117974a01c9b91d480 
# 
# 
# SUCCESS [2261]: OUT IS 2959bf97d32646cd901d4409c249526e and EXP OUT IS 2959bf97d32646cd901d4409c249526e 
# 
# 
# SUCCESS [2301]: OUT IS b3bc2a38ee09ea3c2ec660b3aa777ee7 and EXP OUT IS b3bc2a38ee09ea3c2ec660b3aa777ee7 
# 
# 
# SUCCESS [2341]: OUT IS 8c720f4272f308286d4310847126199a and EXP OUT IS 8c720f4272f308286d4310847126199a 
# 
# 
# SUCCESS [2381]: OUT IS d245043e3394f00a6a096e7274578461 and EXP OUT IS d245043e3394f00a6a096e7274578461 
# 
# 
# SUCCESS [2421]: OUT IS 9cabcd0a794a93ace43bde5a1f4a6c28 and EXP OUT IS 9cabcd0a794a93ace43bde5a1f4a6c28 
# 
# 
# SUCCESS [2461]: OUT IS 7bb20bebcd5ca891cfa87513f224c706 and EXP OUT IS 7bb20bebcd5ca891cfa87513f224c706 
# 
# 
# SUCCESS [2501]: OUT IS ff43679feee11629c9c141bf325528d9 and EXP OUT IS ff43679feee11629c9c141bf325528d9 
# 
# 
# SUCCESS [2541]: OUT IS 20b0b83895cac29354a93c07506a6b0a and EXP OUT IS 20b0b83895cac29354a93c07506a6b0a 
# 
# 
# SUCCESS [2581]: OUT IS 556edf85aaa1333172b8c370f5cbd11e and EXP OUT IS 556edf85aaa1333172b8c370f5cbd11e 
# 
# 
# SUCCESS [2621]: OUT IS f513ac5ff3c18f62b96fdffe9ef21264 and EXP OUT IS f513ac5ff3c18f62b96fdffe9ef21264 
# 
# 
# SUCCESS [2661]: OUT IS 028e9e78e41139476b8c631934019b79 and EXP OUT IS 028e9e78e41139476b8c631934019b79 
# 
# 
# SUCCESS [2701]: OUT IS 93e9ef3c37db55b4c565d34bb5a0f15b and EXP OUT IS 93e9ef3c37db55b4c565d34bb5a0f15b 
# 
# 
# SUCCESS [2741]: OUT IS d2797f1fe99425a4732465071db8b162 and EXP OUT IS d2797f1fe99425a4732465071db8b162 
# 
# 
# SUCCESS [2781]: OUT IS 638e3269301363b15b71ab84f5d5dd42 and EXP OUT IS 638e3269301363b15b71ab84f5d5dd42 
# 
# 
# SUCCESS [2821]: OUT IS fbbbdf9b8a8b24c6c78a758e57e22755 and EXP OUT IS fbbbdf9b8a8b24c6c78a758e57e22755 
# 
# 
# SUCCESS [2861]: OUT IS 5d3a1f77755b6cf43a11657d9858dad1 and EXP OUT IS 5d3a1f77755b6cf43a11657d9858dad1 
# 
# 
# SUCCESS [2901]: OUT IS be588475ce49952be1d45704c2870fac and EXP OUT IS be588475ce49952be1d45704c2870fac 
# 
# 
# SUCCESS [2941]: OUT IS 5887b28a0e70f92b63aaae9ebf4597e9 and EXP OUT IS 5887b28a0e70f92b63aaae9ebf4597e9 
# 
# 
# SUCCESS [2981]: OUT IS c5ab47719523a2fffffc8d0485a186d2 and EXP OUT IS c5ab47719523a2fffffc8d0485a186d2 
# 
# 
# SUCCESS [3021]: OUT IS 617cd6b575f42999b45b1a2e9b6e44fa and EXP OUT IS 617cd6b575f42999b45b1a2e9b6e44fa 
# 
# 
# SUCCESS [3061]: OUT IS 141b2700dd679b54c7257c9053c41e67 and EXP OUT IS 141b2700dd679b54c7257c9053c41e67 
# 
# 
# SUCCESS [3101]: OUT IS 1021e0ae3b6b40b3d960825647a4a7c6 and EXP OUT IS 1021e0ae3b6b40b3d960825647a4a7c6 
# 
# 
# SUCCESS [3141]: OUT IS b91e9e67c56825174743b79597e1996a and EXP OUT IS b91e9e67c56825174743b79597e1996a 
# 
# 
# SUCCESS [3181]: OUT IS 4a82bb2ee72a1b9860e4caf7ddcf431a and EXP OUT IS 4a82bb2ee72a1b9860e4caf7ddcf431a 
# 
# 
# SUCCESS [3221]: OUT IS 39c14cf0890fc555decc7258a97edbdf and EXP OUT IS 39c14cf0890fc555decc7258a97edbdf 
# 
# 
# SUCCESS [3261]: OUT IS af28186eecc1babe2e559b31558987db and EXP OUT IS af28186eecc1babe2e559b31558987db 
# 
# 
# SUCCESS [3301]: OUT IS a27f02ed269c1d1785e0602f8839d6c5 and EXP OUT IS a27f02ed269c1d1785e0602f8839d6c5 
# 
# 
# SUCCESS [3341]: OUT IS 2d0a81df5d58fa9273fdefcfe2a11037 and EXP OUT IS 2d0a81df5d58fa9273fdefcfe2a11037 
# 
# 
# SUCCESS [3381]: OUT IS e6a0d3440b3ab83bca2032859a3c8f0e and EXP OUT IS e6a0d3440b3ab83bca2032859a3c8f0e 
# 
# 
# SUCCESS [3421]: OUT IS f89bfa7d863b046403407e0856f33f3b and EXP OUT IS f89bfa7d863b046403407e0856f33f3b 
# 
# 
# SUCCESS [3461]: OUT IS 9c2b81fae339d7b1165da5a9fc741133 and EXP OUT IS 9c2b81fae339d7b1165da5a9fc741133 
# 
# 
# SUCCESS [3501]: OUT IS 36a91fd2e7c3512416d8676f31f65803 and EXP OUT IS 36a91fd2e7c3512416d8676f31f65803 
# 
# 
# SUCCESS [3541]: OUT IS ef903d6a263bb25c3277773f72aea11c and EXP OUT IS ef903d6a263bb25c3277773f72aea11c 
# 
# 
# SUCCESS [3581]: OUT IS 179bd22ed799618099c9987b9727faef and EXP OUT IS 179bd22ed799618099c9987b9727faef 
# 
# 
# SUCCESS [3621]: OUT IS fb992adc36bb8f528e4d54bdf1d574db and EXP OUT IS fb992adc36bb8f528e4d54bdf1d574db 
# 
# 
# SUCCESS [3661]: OUT IS 4d1c10dce6422da1c7d09ea61b8a063c and EXP OUT IS 4d1c10dce6422da1c7d09ea61b8a063c 
# 
# 
# SUCCESS [3701]: OUT IS 786a50f7f6c0b76032351e90e203b521 and EXP OUT IS 786a50f7f6c0b76032351e90e203b521 
# 
# 
# SUCCESS [3741]: OUT IS bee66f7fd56c02c14d23c0cd8c2eba9d and EXP OUT IS bee66f7fd56c02c14d23c0cd8c2eba9d 
# 
# 
# SUCCESS [3781]: OUT IS b66db3eb56c932873cb52094d6dbb3f8 and EXP OUT IS b66db3eb56c932873cb52094d6dbb3f8 
# 
# 
# SUCCESS [3821]: OUT IS 48928601f49f63a281d87c15c4db9d68 and EXP OUT IS 48928601f49f63a281d87c15c4db9d68 
# 
# 
# SUCCESS [3861]: OUT IS 460ac5b3955f4322b7b0c24167ce7b7a and EXP OUT IS 460ac5b3955f4322b7b0c24167ce7b7a 
# 
# 
# SUCCESS [3901]: OUT IS 273e4672937b430405757fb83ad3119b and EXP OUT IS 273e4672937b430405757fb83ad3119b 
# 
# 
# SUCCESS [3941]: OUT IS 1d4b1067e743cd1500d17b2c0752ed65 and EXP OUT IS 1d4b1067e743cd1500d17b2c0752ed65 
# 
# 
# SUCCESS [3981]: OUT IS b74d8f03c75c05697a8d1204134bdda3 and EXP OUT IS b74d8f03c75c05697a8d1204134bdda3 
# 
# 
# SUCCESS [4021]: OUT IS 0d774295f582c25350cf3d2e46508d94 and EXP OUT IS 0d774295f582c25350cf3d2e46508d94 
# 
# 
# SUCCESS [4061]: OUT IS 1596bc919915159f83ac31ca46ac9377 and EXP OUT IS 1596bc919915159f83ac31ca46ac9377 
# 
# 
# SUCCESS [4101]: OUT IS 6e1841d452f08647bf875e4c40dfc6d3 and EXP OUT IS 6e1841d452f08647bf875e4c40dfc6d3 
# 
# 
# SUCCESS [4141]: OUT IS 8509f4b8f7201f29c2c0e150aa3031f7 and EXP OUT IS 8509f4b8f7201f29c2c0e150aa3031f7 
# 
# 
# SUCCESS [4181]: OUT IS a8b227464e45e7cea9f5ff4ad4ae1134 and EXP OUT IS a8b227464e45e7cea9f5ff4ad4ae1134 
# 
# 
# SUCCESS [4221]: OUT IS 0e68cdf604dd03d7281069904aaaa81b and EXP OUT IS 0e68cdf604dd03d7281069904aaaa81b 
# 
# 
# SUCCESS [4261]: OUT IS 387d022c22677df58199c96f5ca0d7b3 and EXP OUT IS 387d022c22677df58199c96f5ca0d7b3 
# 
# 
# SUCCESS [4301]: OUT IS 9459a8d59e89195811b0dcb3a169b1ec and EXP OUT IS 9459a8d59e89195811b0dcb3a169b1ec 
# 
# 
# SUCCESS [4341]: OUT IS 4e0e255281882f5db6919d144b79e023 and EXP OUT IS 4e0e255281882f5db6919d144b79e023 
# 
# 
# SUCCESS [4381]: OUT IS 4daf88f59785c3d6fccce56c6ecd90aa and EXP OUT IS 4daf88f59785c3d6fccce56c6ecd90aa 
# 
# 
# SUCCESS [4421]: OUT IS 3662b2df9d181bb920148116aff08b51 and EXP OUT IS 3662b2df9d181bb920148116aff08b51 
# 
# 
# SUCCESS [4461]: OUT IS 35e6e6e17c7ed6aada3a3f53570528b3 and EXP OUT IS 35e6e6e17c7ed6aada3a3f53570528b3 
# 
# 
# SUCCESS [4501]: OUT IS e4e8720a8c0dd81fa8847512d7679659 and EXP OUT IS e4e8720a8c0dd81fa8847512d7679659 
# 
# 
# SUCCESS [4541]: OUT IS baf363b1682f20bf2909db4c5dc40824 and EXP OUT IS baf363b1682f20bf2909db4c5dc40824 
# 
# 
# SUCCESS [4581]: OUT IS 4a895a2ad8fae35609d642ef624658df and EXP OUT IS 4a895a2ad8fae35609d642ef624658df 
# 
# 
# SUCCESS [4621]: OUT IS a7693ea555952a57931e234339aaa9e3 and EXP OUT IS a7693ea555952a57931e234339aaa9e3 
# 
# 
# SUCCESS [4661]: OUT IS 25151d1defff955759a898b0d61cfec2 and EXP OUT IS 25151d1defff955759a898b0d61cfec2 
# 
# 
# SUCCESS [4701]: OUT IS 29ef4f7294aac9591bac72d193604596 and EXP OUT IS 29ef4f7294aac9591bac72d193604596 
# 
# 
# SUCCESS [4741]: OUT IS 8d3c575788ef2ce1e03e7c359c83bfa2 and EXP OUT IS 8d3c575788ef2ce1e03e7c359c83bfa2 
# 
# 
# SUCCESS [4781]: OUT IS 2375af458e1a46f89b5bbcbedb34e2bb and EXP OUT IS 2375af458e1a46f89b5bbcbedb34e2bb 
# 
# 
# SUCCESS [4821]: OUT IS c374cf3d6c0c0244253a8034313a8ad8 and EXP OUT IS c374cf3d6c0c0244253a8034313a8ad8 
# 
# 
# SUCCESS [4861]: OUT IS a68242119014db7cf70cef004d8b020f and EXP OUT IS a68242119014db7cf70cef004d8b020f 
# 
# 
# SUCCESS [4901]: OUT IS cbb9ca68c5d0a06d0e911b9e620d9107 and EXP OUT IS cbb9ca68c5d0a06d0e911b9e620d9107 
# 
# 
# SUCCESS [4941]: OUT IS 11c206fe18b050b76da1e6ed378ac80a and EXP OUT IS 11c206fe18b050b76da1e6ed378ac80a 
# 
# 
# SUCCESS [4981]: OUT IS 9b290cf785ef52bf3618f7d23a9a9940 and EXP OUT IS 9b290cf785ef52bf3618f7d23a9a9940 
# 
# 
# SUCCESS [5021]: OUT IS 067640f1198eefb0dfda9815c9cc6c81 and EXP OUT IS 067640f1198eefb0dfda9815c9cc6c81 
# 
# 
# SUCCESS [5061]: OUT IS a78a6cda0efc3de94c06e50e0798cd25 and EXP OUT IS a78a6cda0efc3de94c06e50e0798cd25 
# 
# 
# SUCCESS [5101]: OUT IS a23ba1a41a6ec2b3e40d048c87a00fdc and EXP OUT IS a23ba1a41a6ec2b3e40d048c87a00fdc 
# 
# 
# SUCCESS [5141]: OUT IS ade7a79b25d2a62682afe7ba54da6e89 and EXP OUT IS ade7a79b25d2a62682afe7ba54da6e89 
# 
# 
# SUCCESS [5181]: OUT IS c48a9f7abe69970f688c502131e8431d and EXP OUT IS c48a9f7abe69970f688c502131e8431d 
# 
# 
# SUCCESS [5221]: OUT IS 9207638a624e91570f2e37662383401c and EXP OUT IS 9207638a624e91570f2e37662383401c 
# 
# 
# SUCCESS [5261]: OUT IS 049568263e80d47c202a19ef6398ff46 and EXP OUT IS 049568263e80d47c202a19ef6398ff46 
# 
# 
# SUCCESS [5301]: OUT IS 9f9f2be4584c5a17ee678591df3d1b87 and EXP OUT IS 9f9f2be4584c5a17ee678591df3d1b87 
# 
# 
# SUCCESS [5341]: OUT IS c3fafd8ca06298abd22c0f949f37f2d2 and EXP OUT IS c3fafd8ca06298abd22c0f949f37f2d2 
# 
# 
# SUCCESS [5381]: OUT IS d8a61a036807e608cf42f602721ba38f and EXP OUT IS d8a61a036807e608cf42f602721ba38f 
# 
# 
# SUCCESS [5421]: OUT IS 4aa5574c45161b5ceebbfd32d9ed7d34 and EXP OUT IS 4aa5574c45161b5ceebbfd32d9ed7d34 
# 
# 
# SUCCESS [5461]: OUT IS fbda046d2d1d042f32da3701212fe66e and EXP OUT IS fbda046d2d1d042f32da3701212fe66e 
# 
# 
# SUCCESS [5501]: OUT IS 296d4b07633020ac7af75daf51734f4a and EXP OUT IS 296d4b07633020ac7af75daf51734f4a 
# 
# 
# SUCCESS [5541]: OUT IS 2e31c1ea83604475b298b99092f71a3c and EXP OUT IS 2e31c1ea83604475b298b99092f71a3c 
# 
# 
# SUCCESS [5581]: OUT IS 5940c41356881628acc80e85214af0a4 and EXP OUT IS 5940c41356881628acc80e85214af0a4 
# 
# 
# SUCCESS [5621]: OUT IS 3a836247d8e5d3e689d064b2f48c4963 and EXP OUT IS 3a836247d8e5d3e689d064b2f48c4963 
# 
# 
# SUCCESS [5661]: OUT IS 66c1ebc6921ef10920ab447703271694 and EXP OUT IS 66c1ebc6921ef10920ab447703271694 
# 
# 
# SUCCESS [5701]: OUT IS 90be12a4028093abe0f91a63672d8d4c and EXP OUT IS 90be12a4028093abe0f91a63672d8d4c 
# 
# 
# SUCCESS [5741]: OUT IS 56b985e586ce087a620b84c669b12bc5 and EXP OUT IS 56b985e586ce087a620b84c669b12bc5 
# 
# 
# SUCCESS [5781]: OUT IS c0e1e60de81a1ed37db50e59de5f89d9 and EXP OUT IS c0e1e60de81a1ed37db50e59de5f89d9 
# 
# 
# SUCCESS [5821]: OUT IS 06c39a9c757e57be16aff40cef8d90c8 and EXP OUT IS 06c39a9c757e57be16aff40cef8d90c8 
# 
# 
# SUCCESS [5861]: OUT IS f5c80813dfc6d95c9babfeed272a1996 and EXP OUT IS f5c80813dfc6d95c9babfeed272a1996 
# 
# 
# SUCCESS [5901]: OUT IS 0de8165769cd48d1b5d8d77625a038c4 and EXP OUT IS 0de8165769cd48d1b5d8d77625a038c4 
# 
# 
# SUCCESS [5941]: OUT IS 3d552b2c2c70b0373098b3649b13defa and EXP OUT IS 3d552b2c2c70b0373098b3649b13defa 
# 
# 
# SUCCESS [5981]: OUT IS dfae83617659f5450992158473d4b188 and EXP OUT IS dfae83617659f5450992158473d4b188 
# 
# 
# SUCCESS [6021]: OUT IS 9f290eed0de9fa174572cfa2950ecbf5 and EXP OUT IS 9f290eed0de9fa174572cfa2950ecbf5 
# 
# 
# SUCCESS [6061]: OUT IS b504ddbe96e8840b095f6027324b073a and EXP OUT IS b504ddbe96e8840b095f6027324b073a 
# 
# 
# SUCCESS [6101]: OUT IS 3934124375433aaf90bf0266a0bed0c0 and EXP OUT IS 3934124375433aaf90bf0266a0bed0c0 
# 
# 
# SUCCESS [6141]: OUT IS ae8af7980c789debe6c83b545d0528c7 and EXP OUT IS ae8af7980c789debe6c83b545d0528c7 
# 
# 
# SUCCESS [6181]: OUT IS a8783c45e5a629c423de596657bb30b6 and EXP OUT IS a8783c45e5a629c423de596657bb30b6 
# 
# 
# SUCCESS [6221]: OUT IS 87c10bd6cf48553045363cdbffa4e288 and EXP OUT IS 87c10bd6cf48553045363cdbffa4e288 
# 
# 
# SUCCESS [6261]: OUT IS 29ab4110709fc25ed3948e9311086df8 and EXP OUT IS 29ab4110709fc25ed3948e9311086df8 
# 
# 
# SUCCESS [6301]: OUT IS 39c4caddc3d6e5e6644b749c1f341b56 and EXP OUT IS 39c4caddc3d6e5e6644b749c1f341b56 
# 
# 
# SUCCESS [6341]: OUT IS b10a8b1be3a0e6fc5a033871e67f85e9 and EXP OUT IS b10a8b1be3a0e6fc5a033871e67f85e9 
# 
# 
# SUCCESS [6381]: OUT IS ce6b649d20bd42f7bdfb92e7297ae650 and EXP OUT IS ce6b649d20bd42f7bdfb92e7297ae650 
# 
# 
# SUCCESS [6421]: OUT IS aa6105bb6cdd3fc9095e2a6e49963f99 and EXP OUT IS aa6105bb6cdd3fc9095e2a6e49963f99 
# 
# 
# SUCCESS [6461]: OUT IS 423cefda52d8cd6478f2cc84f7998a4c and EXP OUT IS 423cefda52d8cd6478f2cc84f7998a4c 
# 
# 
# SUCCESS [6501]: OUT IS 6f30408d639d8c4326d099f8ae178572 and EXP OUT IS 6f30408d639d8c4326d099f8ae178572 
# 
# 
# SUCCESS [6541]: OUT IS 17142c789835ed5ea6fbd1d8cbec2da9 and EXP OUT IS 17142c789835ed5ea6fbd1d8cbec2da9 
# 
# 
# SUCCESS [6581]: OUT IS c113628479d050c8355563ccb3c53347 and EXP OUT IS c113628479d050c8355563ccb3c53347 
# 
# 
# SUCCESS [6621]: OUT IS 12077ffbd9d1ee06fd0eb8762933b92b and EXP OUT IS 12077ffbd9d1ee06fd0eb8762933b92b 
# 
# 
# SUCCESS [6661]: OUT IS 7652dc8287de8a6dc85dbb801c5d5a8d and EXP OUT IS 7652dc8287de8a6dc85dbb801c5d5a8d 
# 
# 
# SUCCESS [6701]: OUT IS 475ad8380f6a38bf605cf9aabd4406c2 and EXP OUT IS 475ad8380f6a38bf605cf9aabd4406c2 
# 
# 
# SUCCESS [6741]: OUT IS f04a4a8009c20c9169745d40e685c898 and EXP OUT IS f04a4a8009c20c9169745d40e685c898 
# 
# 
# SUCCESS [6781]: OUT IS edd9b0ea4cbd461c7292c652c0264d41 and EXP OUT IS edd9b0ea4cbd461c7292c652c0264d41 
# 
# 
# SUCCESS [6821]: OUT IS 0ff27e9024b885a99146334a0f272c82 and EXP OUT IS 0ff27e9024b885a99146334a0f272c82 
# 
# 
# SUCCESS [6861]: OUT IS 528cd4048cda2305a7663c7ac79944fb and EXP OUT IS 528cd4048cda2305a7663c7ac79944fb 
# 
# 
# SUCCESS [6901]: OUT IS acdf659a5c61de071e47ac7b5c8ae23c and EXP OUT IS acdf659a5c61de071e47ac7b5c8ae23c 
# 
# 
# SUCCESS [6941]: OUT IS 2665a3ec5a6b2f5161effa1ae9c4fa7d and EXP OUT IS 2665a3ec5a6b2f5161effa1ae9c4fa7d 
# 
# 
# SUCCESS [6981]: OUT IS b00dfab0679204063b4567d96b65ef90 and EXP OUT IS b00dfab0679204063b4567d96b65ef90 
# 
# 
# SUCCESS [7021]: OUT IS 33ea841cf13793adff64f3eef0a5163c and EXP OUT IS 33ea841cf13793adff64f3eef0a5163c 
# 
# 
# SUCCESS [7061]: OUT IS 2f392b34e3f011a588faa38cdecc78ba and EXP OUT IS 2f392b34e3f011a588faa38cdecc78ba 
# 
# 
# SUCCESS [7101]: OUT IS 1d0628847b8eb580c3669682a2e491a8 and EXP OUT IS 1d0628847b8eb580c3669682a2e491a8 
# 
# 
# SUCCESS [7141]: OUT IS 221187cdba0564e692e2db3c90565bb1 and EXP OUT IS 221187cdba0564e692e2db3c90565bb1 
# 
# 
# SUCCESS [7181]: OUT IS 41f0b7e27632e0faf157f5c5498a5fdb and EXP OUT IS 41f0b7e27632e0faf157f5c5498a5fdb 
# 
# 
# SUCCESS [7221]: OUT IS 8a2085d4666739653ccf3a022c90f424 and EXP OUT IS 8a2085d4666739653ccf3a022c90f424 
# 
# 
# SUCCESS [7261]: OUT IS 8c1cf64bdda860ef2d33066792560c5e and EXP OUT IS 8c1cf64bdda860ef2d33066792560c5e 
# 
# 
# SUCCESS [7301]: OUT IS 75ed8af29c5b2245f6bc8b2d62ebaac0 and EXP OUT IS 75ed8af29c5b2245f6bc8b2d62ebaac0 
# 
# 
# SUCCESS [7341]: OUT IS 1b1a175d1dd9e88b576b99a569b736c9 and EXP OUT IS 1b1a175d1dd9e88b576b99a569b736c9 
# 
# 
# SUCCESS [7381]: OUT IS f225d46d4d5320d3350078f9ea284ab1 and EXP OUT IS f225d46d4d5320d3350078f9ea284ab1 
# 
# 
# SUCCESS [7421]: OUT IS 1794567a4e0304d89b000b400717467e and EXP OUT IS 1794567a4e0304d89b000b400717467e 
# 
# 
# SUCCESS [7461]: OUT IS 4063e1eca2f42391b6dd58b6b4555433 and EXP OUT IS 4063e1eca2f42391b6dd58b6b4555433 
# 
# 
# SUCCESS [7501]: OUT IS ab663acf1dbc30df2b6fc0b047c4148d and EXP OUT IS ab663acf1dbc30df2b6fc0b047c4148d 
# 
# 
# SUCCESS [7541]: OUT IS d0cf0e432b0bb14a77d58d10747e6462 and EXP OUT IS d0cf0e432b0bb14a77d58d10747e6462 
# 
# 
# SUCCESS [7581]: OUT IS 4351cee60378392e11c0fc4cfd8e7723 and EXP OUT IS 4351cee60378392e11c0fc4cfd8e7723 
# 
# 
# SUCCESS [7621]: OUT IS 3510801dd61ec37ac7c5caedce29d5dc and EXP OUT IS 3510801dd61ec37ac7c5caedce29d5dc 
# 
# 
# SUCCESS [7661]: OUT IS a4eca9295c6d82a781cca62abaf42a78 and EXP OUT IS a4eca9295c6d82a781cca62abaf42a78 
# 
# 
# SUCCESS [7701]: OUT IS 38b014b602fecf44da65922d841ed522 and EXP OUT IS 38b014b602fecf44da65922d841ed522 
# 
# 
# SUCCESS [7741]: OUT IS a29526217c04bec44840196952db6058 and EXP OUT IS a29526217c04bec44840196952db6058 
# 
# 
# SUCCESS [7781]: OUT IS 3ce4e2544d6ee48c906df4984c5723ef and EXP OUT IS 3ce4e2544d6ee48c906df4984c5723ef 
# 
# 
# SUCCESS [7821]: OUT IS 8c9c932b14055f35d2b8670f03ce2cc3 and EXP OUT IS 8c9c932b14055f35d2b8670f03ce2cc3 
# 
# 
# SUCCESS [7861]: OUT IS fff061e9b61c867d028c5823e3859ae3 and EXP OUT IS fff061e9b61c867d028c5823e3859ae3 
# 
# 
# SUCCESS [7901]: OUT IS a9c9d9e0fec47f5ad58a04f431869683 and EXP OUT IS a9c9d9e0fec47f5ad58a04f431869683 
# 
# 
# SUCCESS [7941]: OUT IS 6ab824a017ad89561b856dacc59f701e and EXP OUT IS 6ab824a017ad89561b856dacc59f701e 
# 
# 
# SUCCESS [7981]: OUT IS e3ea97ef5c7f2006207c6e96ddedc03e and EXP OUT IS e3ea97ef5c7f2006207c6e96ddedc03e 
# 
# 
# SUCCESS [8021]: OUT IS b9d13705b2b56047f25fcd52db8b27d2 and EXP OUT IS b9d13705b2b56047f25fcd52db8b27d2 
# 
# 
# SUCCESS [8061]: OUT IS f945e60842e3786ec1551a6657ddac48 and EXP OUT IS f945e60842e3786ec1551a6657ddac48 
# 
# 
# SUCCESS [8101]: OUT IS 97e0e0b250a937f6c0e76c987f56ba45 and EXP OUT IS 97e0e0b250a937f6c0e76c987f56ba45 
# 
# 
# SUCCESS [8141]: OUT IS e00aea47091be1b237236daa04c2a063 and EXP OUT IS e00aea47091be1b237236daa04c2a063 
# 
# 
# SUCCESS [8181]: OUT IS 9bf378da9c1d44b12d660af1f05731fc and EXP OUT IS 9bf378da9c1d44b12d660af1f05731fc 
# 
# 
# SUCCESS [8221]: OUT IS 9e88306c687163746f9a58341b85b30c and EXP OUT IS 9e88306c687163746f9a58341b85b30c 
# 
# 
# SUCCESS [8261]: OUT IS c82c559c98e84d59d3c6999e84c26c70 and EXP OUT IS c82c559c98e84d59d3c6999e84c26c70 
# 
# 
# SUCCESS [8301]: OUT IS bf0e7908a8d130e07eb1f4949c03ef5d and EXP OUT IS bf0e7908a8d130e07eb1f4949c03ef5d 
# 
# 
# SUCCESS [8341]: OUT IS 24913312de4890216ab1a3603f519130 and EXP OUT IS 24913312de4890216ab1a3603f519130 
# 
# 
# SUCCESS [8381]: OUT IS e0a95518285ef525c0b1a92f65eacc68 and EXP OUT IS e0a95518285ef525c0b1a92f65eacc68 
# 
# 
# SUCCESS [8421]: OUT IS 27d9709e79bf7946ebdc8caffd3e2d8c and EXP OUT IS 27d9709e79bf7946ebdc8caffd3e2d8c 
# 
# 
# SUCCESS [8461]: OUT IS 812adc78a65a99a4fd77a8e795e40170 and EXP OUT IS 812adc78a65a99a4fd77a8e795e40170 
# 
# 
# SUCCESS [8501]: OUT IS 2f457e9ef1318edc134de6c31c3cc372 and EXP OUT IS 2f457e9ef1318edc134de6c31c3cc372 
# 
# 
# SUCCESS [8541]: OUT IS ee18b4c3061ab1f8d7f5d0d210c54297 and EXP OUT IS ee18b4c3061ab1f8d7f5d0d210c54297 
# 
# 
# SUCCESS [8581]: OUT IS cf8e115d6fa92c999ffdd3192347b54d and EXP OUT IS cf8e115d6fa92c999ffdd3192347b54d 
# 
# 
# SUCCESS [8621]: OUT IS 5965310913bc106200ecf273ce87b9fe and EXP OUT IS 5965310913bc106200ecf273ce87b9fe 
# 
# 
# SUCCESS [8661]: OUT IS b4d53eece3842dc27aee1edce54e299d and EXP OUT IS b4d53eece3842dc27aee1edce54e299d 
# 
# 
# SUCCESS [8701]: OUT IS 9abfa3382c8123ef0173b37be79ecef3 and EXP OUT IS 9abfa3382c8123ef0173b37be79ecef3 
# 
# 
# SUCCESS [8741]: OUT IS 424908bc9426cc036dde961d4a378383 and EXP OUT IS 424908bc9426cc036dde961d4a378383 
# 
# 
# SUCCESS [8781]: OUT IS ac95071c8525b1bb6c6972d54cb0c096 and EXP OUT IS ac95071c8525b1bb6c6972d54cb0c096 
# 
# 
# SUCCESS [8821]: OUT IS 802b7b11c84cfc007d252b5c65a4e037 and EXP OUT IS 802b7b11c84cfc007d252b5c65a4e037 
# 
# 
# SUCCESS [8861]: OUT IS da8cd64aad240e2ca155973e65ac8bce and EXP OUT IS da8cd64aad240e2ca155973e65ac8bce 
# 
# 
# SUCCESS [8901]: OUT IS 4c964deaec1dbcbf04b3ea21936fa4e2 and EXP OUT IS 4c964deaec1dbcbf04b3ea21936fa4e2 
# 
# 
# SUCCESS [8941]: OUT IS bf8e7a9804cfc2cd7d3945869eda5def and EXP OUT IS bf8e7a9804cfc2cd7d3945869eda5def 
# 
# 
# SUCCESS [8981]: OUT IS 95aee14a9763acc449a94c3f02f43f17 and EXP OUT IS 95aee14a9763acc449a94c3f02f43f17 
# 
# 
# SUCCESS [9021]: OUT IS 8e9892c16c328e07b54f1010a1794d99 and EXP OUT IS 8e9892c16c328e07b54f1010a1794d99 
# 
# 
# SUCCESS [9061]: OUT IS eccae825338e68570ba06b1d835e04d1 and EXP OUT IS eccae825338e68570ba06b1d835e04d1 
# 
# 
# SUCCESS [9101]: OUT IS 5ff4aaf75cd4203dd920b49165bd929e and EXP OUT IS 5ff4aaf75cd4203dd920b49165bd929e 
# 
# 
# SUCCESS [9141]: OUT IS dc5da4d4eb76aa2f6ddfcc435d7e9733 and EXP OUT IS dc5da4d4eb76aa2f6ddfcc435d7e9733 
# 
# 
# SUCCESS [9181]: OUT IS cd00191e671d97e2a43a3138e244d952 and EXP OUT IS cd00191e671d97e2a43a3138e244d952 
# 
# 
# SUCCESS [9221]: OUT IS 2d6e17a1d0c1941f0d708ae04e221fd8 and EXP OUT IS 2d6e17a1d0c1941f0d708ae04e221fd8 
# 
# 
# SUCCESS [9261]: OUT IS 472bec7cc3a94c6ecffc0222a17b8c20 and EXP OUT IS 472bec7cc3a94c6ecffc0222a17b8c20 
# 
# 
# SUCCESS [9301]: OUT IS 6b23c9ac4ce1c28ae134e76961ac9675 and EXP OUT IS 6b23c9ac4ce1c28ae134e76961ac9675 
# 
# 
# SUCCESS [9341]: OUT IS 40c0ead3a45351add7888ba3fa84ee12 and EXP OUT IS 40c0ead3a45351add7888ba3fa84ee12 
# 
# 
# SUCCESS [9381]: OUT IS ce642da36da3b67e68514b1cd643d9a2 and EXP OUT IS ce642da36da3b67e68514b1cd643d9a2 
# 
# 
# SUCCESS [9421]: OUT IS 7520ab14f4ba8b349e55c4c1f9adca42 and EXP OUT IS 7520ab14f4ba8b349e55c4c1f9adca42 
# 
# 
# SUCCESS [9461]: OUT IS d75e9b849e669b0fc39d188a36c28d61 and EXP OUT IS d75e9b849e669b0fc39d188a36c28d61 
# 
# 
# SUCCESS [9501]: OUT IS e3aa6d5e3687f013b7874f16c30cf754 and EXP OUT IS e3aa6d5e3687f013b7874f16c30cf754 
# 
# 
# SUCCESS [9541]: OUT IS c30b834f3252a99788ed2084f1db9d2b and EXP OUT IS c30b834f3252a99788ed2084f1db9d2b 
# 
# 
# SUCCESS [9581]: OUT IS 84e437db7d5bafedd939de37128849ac and EXP OUT IS 84e437db7d5bafedd939de37128849ac 
# 
# 
# SUCCESS [9621]: OUT IS 8f7c58e981f00625f597a49576cc22a3 and EXP OUT IS 8f7c58e981f00625f597a49576cc22a3 
# 
# 
# SUCCESS [9661]: OUT IS e81186f4f879916c627d1941ace2ccf9 and EXP OUT IS e81186f4f879916c627d1941ace2ccf9 
# 
# 
# SUCCESS [9701]: OUT IS 9283638dc65979bbafbb02b9140b0dd4 and EXP OUT IS 9283638dc65979bbafbb02b9140b0dd4 
# 
# 
# SUCCESS [9741]: OUT IS 078e95bcaee6a0e98b830e82d82ff525 and EXP OUT IS 078e95bcaee6a0e98b830e82d82ff525 
# 
# 
# SUCCESS [9781]: OUT IS 8ac75f1c10bf03e3216266c14c4f0991 and EXP OUT IS 8ac75f1c10bf03e3216266c14c4f0991 
# 
# 
# SUCCESS [9821]: OUT IS 01987221e0a837087b51e65839a998e4 and EXP OUT IS 01987221e0a837087b51e65839a998e4 
# 
# 
# SUCCESS [9861]: OUT IS db095ca30f9f204659319b15a8aad9f2 and EXP OUT IS db095ca30f9f204659319b15a8aad9f2 
# 
# 
# SUCCESS [9901]: OUT IS a7eeec2068dbc3174f2ac68df9f62973 and EXP OUT IS a7eeec2068dbc3174f2ac68df9f62973 
# 
# 
# SUCCESS [9941]: OUT IS 0c16bcadb54d450e7f64c4684d326da2 and EXP OUT IS 0c16bcadb54d450e7f64c4684d326da2 
# 
# 
# SUCCESS [9981]: OUT IS 7450c30a3921ddd22aad91660bc1f15a and EXP OUT IS 7450c30a3921ddd22aad91660bc1f15a 
# 
# 
# SUCCESS [10021]: OUT IS a39533d00041db235e4658838ed4c478 and EXP OUT IS a39533d00041db235e4658838ed4c478 
# 
# 
# SUCCESS [10061]: OUT IS 053b7b811992d769ecb002d5e850341e and EXP OUT IS 053b7b811992d769ecb002d5e850341e 
# 
# 
# SUCCESS [10101]: OUT IS 9c27bae81d8a27549ae080d83ab7e064 and EXP OUT IS 9c27bae81d8a27549ae080d83ab7e064 
# 
# 
# SUCCESS [10141]: OUT IS 7680e10b2c69a7086a5c0b66a855f0de and EXP OUT IS 7680e10b2c69a7086a5c0b66a855f0de 
# 
# 
# SUCCESS [10181]: OUT IS a3e85194cf5ad7c0986f4ef8a3b729c5 and EXP OUT IS a3e85194cf5ad7c0986f4ef8a3b729c5 
# 
# 
# SUCCESS [10221]: OUT IS 49640b5c9c6ca35004fa403275cdab47 and EXP OUT IS 49640b5c9c6ca35004fa403275cdab47 
# 
# 
# SUCCESS [10261]: OUT IS 9067abc543f4e97166b241cd761b1a1d and EXP OUT IS 9067abc543f4e97166b241cd761b1a1d 
# 
# 
# SUCCESS [10301]: OUT IS eef92799fda90f6ed0302d7eb0d023cf and EXP OUT IS eef92799fda90f6ed0302d7eb0d023cf 
# 
# 
# SUCCESS [10341]: OUT IS fed8655bc47e3bdc68782f9d3fadfa52 and EXP OUT IS fed8655bc47e3bdc68782f9d3fadfa52 
# 
# 
# SUCCESS [10381]: OUT IS 735e168957c54a46d2d0f1bc0aeead97 and EXP OUT IS 735e168957c54a46d2d0f1bc0aeead97 
# 
# 
# SUCCESS [10421]: OUT IS 45eb17a71bdfa609880c1daec2476637 and EXP OUT IS 45eb17a71bdfa609880c1daec2476637 
# 
# 
# SUCCESS [10461]: OUT IS 675fec5561a2fdbdab03929ff69c7d58 and EXP OUT IS 675fec5561a2fdbdab03929ff69c7d58 
# 
# 
# SUCCESS [10501]: OUT IS 17c53483f36f51e9132457c3573de47f and EXP OUT IS 17c53483f36f51e9132457c3573de47f 
# 
# 
# SUCCESS [10541]: OUT IS a2114921a3f4ccb8cc2871c1ba1d9bbb and EXP OUT IS a2114921a3f4ccb8cc2871c1ba1d9bbb 
# 
# 
# SUCCESS [10581]: OUT IS 281cced1df0378a2cff2b2e24945facd and EXP OUT IS 281cced1df0378a2cff2b2e24945facd 
# 
# 
# SUCCESS [10621]: OUT IS 723ba01bd51742c5ac106ac0caca6257 and EXP OUT IS 723ba01bd51742c5ac106ac0caca6257 
# 
# 
# SUCCESS [10661]: OUT IS 1ffe3ad5031a6837c045de8719489545 and EXP OUT IS 1ffe3ad5031a6837c045de8719489545 
# 
# 
# SUCCESS [10701]: OUT IS 466e5d4ff74e2370f26fb014bc8ac541 and EXP OUT IS 466e5d4ff74e2370f26fb014bc8ac541 
# 
# 
# SUCCESS [10741]: OUT IS df146d4ece20c0b6f8810353af8dcbcc and EXP OUT IS df146d4ece20c0b6f8810353af8dcbcc 
# 
# 
# SUCCESS [10781]: OUT IS 629f1188819b45a0a2c40443006449a4 and EXP OUT IS 629f1188819b45a0a2c40443006449a4 
# 
# 
# SUCCESS [10821]: OUT IS ba5d5d04307129c9d6cf7d95544893c3 and EXP OUT IS ba5d5d04307129c9d6cf7d95544893c3 
# 
# 
# SUCCESS [10861]: OUT IS f2da36d84a3758d50e357ef0b93a6725 and EXP OUT IS f2da36d84a3758d50e357ef0b93a6725 
# 
# 
# SUCCESS [10901]: OUT IS eb57720542c5e31f12ce5579dc28f34f and EXP OUT IS eb57720542c5e31f12ce5579dc28f34f 
# 
# 
# SUCCESS [10941]: OUT IS ac2e8751dec6760df0798580e0a44674 and EXP OUT IS ac2e8751dec6760df0798580e0a44674 
# 
# 
# SUCCESS [10981]: OUT IS f0289e1d7f97e41ecb41d75cc9a402e1 and EXP OUT IS f0289e1d7f97e41ecb41d75cc9a402e1 
# 
# 
# SUCCESS [11021]: OUT IS 5a2dfae03371d82b58101274779daa22 and EXP OUT IS 5a2dfae03371d82b58101274779daa22 
# 
# 
# SUCCESS [11061]: OUT IS b08d9b2ba8de92f198e61292eac34921 and EXP OUT IS b08d9b2ba8de92f198e61292eac34921 
# 
# 
# SUCCESS [11101]: OUT IS 224b2e239ff02357d901d00f8c0d61aa and EXP OUT IS 224b2e239ff02357d901d00f8c0d61aa 
# 
# 
# SUCCESS [11141]: OUT IS 1e55c3d303114380f187ac1502f25bb8 and EXP OUT IS 1e55c3d303114380f187ac1502f25bb8 
# 
# 
# SUCCESS [11181]: OUT IS 9b87fc8fde4eb793f528f8fb52ff66ab and EXP OUT IS 9b87fc8fde4eb793f528f8fb52ff66ab 
# 
# 
# SUCCESS [11221]: OUT IS be7a59ca26e6400e734f8440b8afcfe1 and EXP OUT IS be7a59ca26e6400e734f8440b8afcfe1 
# 
# 
# SUCCESS [11261]: OUT IS 596fd6aa1ac98f66ad4a9408744fa0e5 and EXP OUT IS 596fd6aa1ac98f66ad4a9408744fa0e5 
# 
# 
# SUCCESS [11301]: OUT IS 6589fd67d23371ce73757af96eba510a and EXP OUT IS 6589fd67d23371ce73757af96eba510a 
# 
# 
# SUCCESS [11341]: OUT IS f503a52a90f528a36d852614cee8d427 and EXP OUT IS f503a52a90f528a36d852614cee8d427 
# 
# 
# SUCCESS [11381]: OUT IS 0e5d1b580a2f24171aeffadd9dae205b and EXP OUT IS 0e5d1b580a2f24171aeffadd9dae205b 
# 
# 
# SUCCESS [11421]: OUT IS c97563f37a629349fc6984d55bba0a1c and EXP OUT IS c97563f37a629349fc6984d55bba0a1c 
# 
# 
# SUCCESS [11461]: OUT IS d65c91f2c96c61d2c73d05b24f42d47f and EXP OUT IS d65c91f2c96c61d2c73d05b24f42d47f 
# 
# 
# SUCCESS [11501]: OUT IS b33540eb55bfa0c870344a8a274b248c and EXP OUT IS b33540eb55bfa0c870344a8a274b248c 
# 
# 
# SUCCESS [11541]: OUT IS c66dcd5b312d0cdb53173ade4138b8e6 and EXP OUT IS c66dcd5b312d0cdb53173ade4138b8e6 
# 
# 
# SUCCESS [11581]: OUT IS ee9355f731baa07b8f40a3e4e2a5d12e and EXP OUT IS ee9355f731baa07b8f40a3e4e2a5d12e 
# 
# 
# SUCCESS [11621]: OUT IS a6fdcdc1cad2256b0949f48fea009cd6 and EXP OUT IS a6fdcdc1cad2256b0949f48fea009cd6 
# 
# 
# SUCCESS [11661]: OUT IS 7835ca27d8a8928d3990b5db7ee1000e and EXP OUT IS 7835ca27d8a8928d3990b5db7ee1000e 
# 
# 
# SUCCESS [11701]: OUT IS 4a44b62f0e751e4d2930dbaa6098ec33 and EXP OUT IS 4a44b62f0e751e4d2930dbaa6098ec33 
# 
# 
# SUCCESS [11741]: OUT IS b333d8127b7c93b7055afe488676f2dc and EXP OUT IS b333d8127b7c93b7055afe488676f2dc 
# 
# 
# SUCCESS [11781]: OUT IS 72baf4cd94d02014d9c224514d6a8c67 and EXP OUT IS 72baf4cd94d02014d9c224514d6a8c67 
# 
# 
# SUCCESS [11821]: OUT IS 95b5d4c075368f11dea939000cca00e1 and EXP OUT IS 95b5d4c075368f11dea939000cca00e1 
# 
# 
# SUCCESS [11861]: OUT IS c5ab740b3debb5d366a4ef06d2e58c6f and EXP OUT IS c5ab740b3debb5d366a4ef06d2e58c6f 
# 
# 
# SUCCESS [11901]: OUT IS 2a07bebc50af8db038b17997fcc7086a and EXP OUT IS 2a07bebc50af8db038b17997fcc7086a 
# 
# 
# SUCCESS [11941]: OUT IS bdfffc5b0e584bc6a27ae79e5b7b7ddc and EXP OUT IS bdfffc5b0e584bc6a27ae79e5b7b7ddc 
# 
# 
# SUCCESS [11981]: OUT IS eb76e206a7c1a91b4f3079420a4f9aaa and EXP OUT IS eb76e206a7c1a91b4f3079420a4f9aaa 
# 
# 
# SUCCESS [12021]: OUT IS 628d5ce57516242721ac9f50b737b5b4 and EXP OUT IS 628d5ce57516242721ac9f50b737b5b4 
# 
# 
# SUCCESS [12061]: OUT IS d6b2c9a4e03c04c6d6df33a4d0942c7c and EXP OUT IS d6b2c9a4e03c04c6d6df33a4d0942c7c 
# 
# 
# SUCCESS [12101]: OUT IS 0c788ca1be5b9303210df68132b32f70 and EXP OUT IS 0c788ca1be5b9303210df68132b32f70 
# 
# 
# SUCCESS [12141]: OUT IS 4ed4fd6d79ecc959ed60963ed209b36f and EXP OUT IS 4ed4fd6d79ecc959ed60963ed209b36f 
# 
# 
# SUCCESS [12181]: OUT IS cf1115f700c60b1aa5d48d8c64db4e86 and EXP OUT IS cf1115f700c60b1aa5d48d8c64db4e86 
# 
# 
# SUCCESS [12221]: OUT IS d1c7c989645e50494735b1f1d742a20c and EXP OUT IS d1c7c989645e50494735b1f1d742a20c 
# 
# 
# SUCCESS [12261]: OUT IS 1d1ca525ecb2232e423a676ee6a3c7b8 and EXP OUT IS 1d1ca525ecb2232e423a676ee6a3c7b8 
# 
# 
# SUCCESS [12301]: OUT IS 7a02331c86fab0f9faae6a37a28a75d0 and EXP OUT IS 7a02331c86fab0f9faae6a37a28a75d0 
# 
# 
# SUCCESS [12341]: OUT IS f12826e94813c0507d844e2e7702fab0 and EXP OUT IS f12826e94813c0507d844e2e7702fab0 
# 
# 
# SUCCESS [12381]: OUT IS 334357925760d1d754948c61f33d6bff and EXP OUT IS 334357925760d1d754948c61f33d6bff 
# 
# 
# SUCCESS [12421]: OUT IS b302a3a5c601211933f2828318f38c5b and EXP OUT IS b302a3a5c601211933f2828318f38c5b 
# 
# 
# SUCCESS [12461]: OUT IS e3ef89b9bc5b3f5045eeb14e2a3aecb2 and EXP OUT IS e3ef89b9bc5b3f5045eeb14e2a3aecb2 
# 
# 
# SUCCESS [12501]: OUT IS b1e6774e5948b3efd7d246c519af6095 and EXP OUT IS b1e6774e5948b3efd7d246c519af6095 
# 
# 
# SUCCESS [12541]: OUT IS 3d7b633f40c76170d3a2d22cc73dad08 and EXP OUT IS 3d7b633f40c76170d3a2d22cc73dad08 
# 
# 
# SUCCESS [12581]: OUT IS 695011d7856114b8074fc10812557f48 and EXP OUT IS 695011d7856114b8074fc10812557f48 
# 
# 
# SUCCESS [12621]: OUT IS 9f9a61644cd11b08ec1019006e5e73e3 and EXP OUT IS 9f9a61644cd11b08ec1019006e5e73e3 
# 
# 
# SUCCESS [12661]: OUT IS 4383e032368d2a1c27a550af4d19c666 and EXP OUT IS 4383e032368d2a1c27a550af4d19c666 
# 
# 
# SUCCESS [12701]: OUT IS a2d4627ce65427321ab845e0d7f649f6 and EXP OUT IS a2d4627ce65427321ab845e0d7f649f6 
# 
# 
# SUCCESS [12741]: OUT IS dae4b10809207d84a3558bde7b6c79cc and EXP OUT IS dae4b10809207d84a3558bde7b6c79cc 
# 
# 
# SUCCESS [12781]: OUT IS 8c233d7154fa021588032a9f124ec0c4 and EXP OUT IS 8c233d7154fa021588032a9f124ec0c4 
# 
# 
# SUCCESS [12821]: OUT IS 56311ba57df1b03b7e621a95cb25f346 and EXP OUT IS 56311ba57df1b03b7e621a95cb25f346 
# 
# 
# SUCCESS [12861]: OUT IS 5930fc071f3af97050a6ef4bcf98ca6b and EXP OUT IS 5930fc071f3af97050a6ef4bcf98ca6b 
# 
# 
# SUCCESS [12901]: OUT IS 3e2bc051e16ee92744d40aacef440509 and EXP OUT IS 3e2bc051e16ee92744d40aacef440509 
# 
# 
# SUCCESS [12941]: OUT IS 032b558f2d8b09b86f2365c33814baad and EXP OUT IS 032b558f2d8b09b86f2365c33814baad 
# 
# 
# SUCCESS [12981]: OUT IS 4465f419907120d08fb76c70b1829796 and EXP OUT IS 4465f419907120d08fb76c70b1829796 
# 
# 
# SUCCESS [13021]: OUT IS 2d9921b4d2dee55857012610a9b50d27 and EXP OUT IS 2d9921b4d2dee55857012610a9b50d27 
# 
# 
# SUCCESS [13061]: OUT IS c3a56a74d5ad0cea3e25609f5baeb25a and EXP OUT IS c3a56a74d5ad0cea3e25609f5baeb25a 
# 
# 
# SUCCESS [13101]: OUT IS f396b4f4ef95e3adc216722fc4ebb43d and EXP OUT IS f396b4f4ef95e3adc216722fc4ebb43d 
# 
# 
# SUCCESS [13141]: OUT IS f403fe3724e9176907bd62025c98a5f2 and EXP OUT IS f403fe3724e9176907bd62025c98a5f2 
# 
# 
# SUCCESS [13181]: OUT IS d6d6753b5811ea4591e0a0af3826b801 and EXP OUT IS d6d6753b5811ea4591e0a0af3826b801 
# 
# 
# SUCCESS [13221]: OUT IS 6be13a5162c84529a352ac4bf3d8c587 and EXP OUT IS 6be13a5162c84529a352ac4bf3d8c587 
# 
# 
# SUCCESS [13261]: OUT IS 05cd0c0e5c5b7868320ebcf7266bd80c and EXP OUT IS 05cd0c0e5c5b7868320ebcf7266bd80c 
# 
# 
# SUCCESS [13301]: OUT IS cf7c7a0dd825b16f788d1a81e8a3eab8 and EXP OUT IS cf7c7a0dd825b16f788d1a81e8a3eab8 
# 
# 
# SUCCESS [13341]: OUT IS fe2ee5811c7344151d7e02d09b7463ea and EXP OUT IS fe2ee5811c7344151d7e02d09b7463ea 
# 
# 
# SUCCESS [13381]: OUT IS 31034c864a8dee1ee59f7092a342263b and EXP OUT IS 31034c864a8dee1ee59f7092a342263b 
# 
# 
# SUCCESS [13421]: OUT IS 44ffccfba89051f6f0dc110a0478c8a5 and EXP OUT IS 44ffccfba89051f6f0dc110a0478c8a5 
# 
# 
# SUCCESS [13461]: OUT IS ec148d9f8006dbb6317f849ddebbe104 and EXP OUT IS ec148d9f8006dbb6317f849ddebbe104 
# 
# 
# SUCCESS [13501]: OUT IS c27be50cc835c06ffdf1028563d18b59 and EXP OUT IS c27be50cc835c06ffdf1028563d18b59 
# 
# 
# SUCCESS [13541]: OUT IS 9d1ada67268a32d81d155b97ba1799fa and EXP OUT IS 9d1ada67268a32d81d155b97ba1799fa 
# 
# 
# SUCCESS [13581]: OUT IS 8a0fad4e47a58fc0fecb003a60744739 and EXP OUT IS 8a0fad4e47a58fc0fecb003a60744739 
# 
# 
# SUCCESS [13621]: OUT IS 19253cfbeee41bb9212b3221e0646d95 and EXP OUT IS 19253cfbeee41bb9212b3221e0646d95 
# 
# 
# SUCCESS [13661]: OUT IS 8772ae92dd91366293ea7d1029e43c25 and EXP OUT IS 8772ae92dd91366293ea7d1029e43c25 
# 
# 
# SUCCESS [13701]: OUT IS 4efb23dcaa9d982bc17c746ac74bc6cf and EXP OUT IS 4efb23dcaa9d982bc17c746ac74bc6cf 
# 
# 
# SUCCESS [13741]: OUT IS 148c51a457c9ee3c75f7227dd08cad45 and EXP OUT IS 148c51a457c9ee3c75f7227dd08cad45 
# 
# 
# SUCCESS [13781]: OUT IS 91d84f121cb8ec45842eb9447517751c and EXP OUT IS 91d84f121cb8ec45842eb9447517751c 
# 
# 
# SUCCESS [13821]: OUT IS d0d98493fcb86adce5c1f8765e3ece8c and EXP OUT IS d0d98493fcb86adce5c1f8765e3ece8c 
# 
# 
# SUCCESS [13861]: OUT IS 1f0ed7c532f403c553c1c8073f95b682 and EXP OUT IS 1f0ed7c532f403c553c1c8073f95b682 
# 
# 
# SUCCESS [13901]: OUT IS 058d0f5b933f34e1ab03a5798e72801c and EXP OUT IS 058d0f5b933f34e1ab03a5798e72801c 
# 
# 
# SUCCESS [13941]: OUT IS 237747845fdf41bf8701658722f2c826 and EXP OUT IS 237747845fdf41bf8701658722f2c826 
# 
# 
# SUCCESS [13981]: OUT IS 051f8611ac14034556d433a597a9deb4 and EXP OUT IS 051f8611ac14034556d433a597a9deb4 
# 
# 
# SUCCESS [14021]: OUT IS 5fb2d9e89ac298d2fdbdbdd4c3afa38d and EXP OUT IS 5fb2d9e89ac298d2fdbdbdd4c3afa38d 
# 
# 
# SUCCESS [14061]: OUT IS 14f5fac538f3627ec6554ba07e72ee92 and EXP OUT IS 14f5fac538f3627ec6554ba07e72ee92 
# 
# 
# SUCCESS [14101]: OUT IS 74e1a4230c76290407d8b99daf002bfe and EXP OUT IS 74e1a4230c76290407d8b99daf002bfe 
# 
# 
# SUCCESS [14141]: OUT IS 2c2518a235a21a6465dbf5ceaea02b25 and EXP OUT IS 2c2518a235a21a6465dbf5ceaea02b25 
# 
# 
# SUCCESS [14181]: OUT IS 5fc848a1addc15a6af753c8682c7c0fb and EXP OUT IS 5fc848a1addc15a6af753c8682c7c0fb 
# 
# 
# SUCCESS [14221]: OUT IS 83e9979624b692540528f1672b79e606 and EXP OUT IS 83e9979624b692540528f1672b79e606 
# 
# 
# SUCCESS [14261]: OUT IS ef7f7a18c459daa6344b9d4c6dc09538 and EXP OUT IS ef7f7a18c459daa6344b9d4c6dc09538 
# 
# 
# SUCCESS [14301]: OUT IS ecd67dce3f53b333aa87ed4c743a03b6 and EXP OUT IS ecd67dce3f53b333aa87ed4c743a03b6 
# 
# 
# SUCCESS [14341]: OUT IS bc486851a6d603133ac2af8b2839c8bc and EXP OUT IS bc486851a6d603133ac2af8b2839c8bc 
# 
# 
# SUCCESS [14381]: OUT IS 43ec96a6b2cbbad29005b72bb60019ef and EXP OUT IS 43ec96a6b2cbbad29005b72bb60019ef 
# 
# 
# SUCCESS [14421]: OUT IS 0e691e8bdd0c9b3ef53c1dc6b57120f7 and EXP OUT IS 0e691e8bdd0c9b3ef53c1dc6b57120f7 
# 
# 
# SUCCESS [14461]: OUT IS 31836635d6ba7736f63263c7e3c66ce4 and EXP OUT IS 31836635d6ba7736f63263c7e3c66ce4 
# 
# 
# SUCCESS [14501]: OUT IS c4ef12ba5820f49178522d000f5aa00c and EXP OUT IS c4ef12ba5820f49178522d000f5aa00c 
# 
# 
# SUCCESS [14541]: OUT IS 2d2e1876552d41d14440038945ff6094 and EXP OUT IS 2d2e1876552d41d14440038945ff6094 
# 
# 
# SUCCESS [14581]: OUT IS ffe06e04d9df47e7ad060efebb19e7c2 and EXP OUT IS ffe06e04d9df47e7ad060efebb19e7c2 
# 
# 
# SUCCESS [14621]: OUT IS 8286b22ff7fce9e2fd44b1a50e00b718 and EXP OUT IS 8286b22ff7fce9e2fd44b1a50e00b718 
# 
# 
# SUCCESS [14661]: OUT IS b507da63a3f9e806f7e3301d4f6f83c7 and EXP OUT IS b507da63a3f9e806f7e3301d4f6f83c7 
# 
# 
# SUCCESS [14701]: OUT IS 0edacfd617cc408249f687c1a94493d4 and EXP OUT IS 0edacfd617cc408249f687c1a94493d4 
# 
# 
# SUCCESS [14741]: OUT IS e40ee507e9e902d06e942b4ff44d63e2 and EXP OUT IS e40ee507e9e902d06e942b4ff44d63e2 
# 
# 
# SUCCESS [14781]: OUT IS bbae7359d846c297f0d7e8768c55db71 and EXP OUT IS bbae7359d846c297f0d7e8768c55db71 
# 
# 
# SUCCESS [14821]: OUT IS 275bc6009b5a8cde23581b86501d4dd9 and EXP OUT IS 275bc6009b5a8cde23581b86501d4dd9 
# 
# 
# SUCCESS [14861]: OUT IS 1619d93bd7fa904679d051f65d423feb and EXP OUT IS 1619d93bd7fa904679d051f65d423feb 
# 
# 
# SUCCESS [14901]: OUT IS 1559d305a0b7c19ffedffecb8020c99f and EXP OUT IS 1559d305a0b7c19ffedffecb8020c99f 
# 
# 
# SUCCESS [14941]: OUT IS e25f61e9282b9c8da6e4629b7b28dc64 and EXP OUT IS e25f61e9282b9c8da6e4629b7b28dc64 
# 
# 
# SUCCESS [14981]: OUT IS 951c8e098fc8f892b4211411b41d0a1d and EXP OUT IS 951c8e098fc8f892b4211411b41d0a1d 
# 
# 
# SUCCESS [15021]: OUT IS 906ab8213dc8ce334ce3168204ca2e88 and EXP OUT IS 906ab8213dc8ce334ce3168204ca2e88 
# 
# 
# SUCCESS [15061]: OUT IS f88f39298374f8d200f424c14ec2c523 and EXP OUT IS f88f39298374f8d200f424c14ec2c523 
# 
# 
# SUCCESS [15101]: OUT IS 3393dd3e53fc0af77f64f529b76c1d02 and EXP OUT IS 3393dd3e53fc0af77f64f529b76c1d02 
# 
# 
# SUCCESS [15141]: OUT IS f0bd633f5c5218dee3664c5e5d5d2808 and EXP OUT IS f0bd633f5c5218dee3664c5e5d5d2808 
# 
# 
# SUCCESS [15181]: OUT IS ae1f94a4cbf14cf5f837914c79354694 and EXP OUT IS ae1f94a4cbf14cf5f837914c79354694 
# 
# 
# SUCCESS [15221]: OUT IS 08f89af5ab0a9433d60a7028369c5a62 and EXP OUT IS 08f89af5ab0a9433d60a7028369c5a62 
# 
# 
# SUCCESS [15261]: OUT IS d5d4388b38e5af64d97e249de7678e11 and EXP OUT IS d5d4388b38e5af64d97e249de7678e11 
# 
# 
# SUCCESS [15301]: OUT IS 384aba4a16763a2bfc3ff8045f6c2787 and EXP OUT IS 384aba4a16763a2bfc3ff8045f6c2787 
# 
# 
# SUCCESS [15341]: OUT IS 6193bbad8f0479b150ab7c48dfc1f13e and EXP OUT IS 6193bbad8f0479b150ab7c48dfc1f13e 
# 
# 
# SUCCESS [15381]: OUT IS 1d5c3e321f79f8fa40d33c97eb13b2c5 and EXP OUT IS 1d5c3e321f79f8fa40d33c97eb13b2c5 
# 
# 
# SUCCESS [15421]: OUT IS dbc9bd6302156a0395915d004f86db33 and EXP OUT IS dbc9bd6302156a0395915d004f86db33 
# 
# 
# SUCCESS [15461]: OUT IS 60ef1260e97e525e99e98b89bfe128dc and EXP OUT IS 60ef1260e97e525e99e98b89bfe128dc 
# 
# 
# SUCCESS [15501]: OUT IS 266615e21fdd12d087b004a5b8d1a4c9 and EXP OUT IS 266615e21fdd12d087b004a5b8d1a4c9 
# 
# 
# SUCCESS [15541]: OUT IS 44b46ad3019982ca9ee53b7237098ff9 and EXP OUT IS 44b46ad3019982ca9ee53b7237098ff9 
# 
# 
# SUCCESS [15581]: OUT IS 624d5f03e0c61b0a0b2747f42fd21dc5 and EXP OUT IS 624d5f03e0c61b0a0b2747f42fd21dc5 
# 
# 
# SUCCESS [15621]: OUT IS 42a96fd0a93f16a688f479a00922da86 and EXP OUT IS 42a96fd0a93f16a688f479a00922da86 
# 
# 
# SUCCESS [15661]: OUT IS 2fe91652132c4a13087ae027306f344f and EXP OUT IS 2fe91652132c4a13087ae027306f344f 
# 
# 
# SUCCESS [15701]: OUT IS c92dbcd67f3d53be8733c74b3cb0574a and EXP OUT IS c92dbcd67f3d53be8733c74b3cb0574a 
# 
# 
# SUCCESS [15741]: OUT IS f52852c9acddc7ff0d4cc467c6d968ef and EXP OUT IS f52852c9acddc7ff0d4cc467c6d968ef 
# 
# 
# SUCCESS [15781]: OUT IS bcbdb43f268fa9708a66911dada2d2b9 and EXP OUT IS bcbdb43f268fa9708a66911dada2d2b9 
# 
# 
# SUCCESS [15821]: OUT IS f4c9265e9ea1a2a68135d91b436ab068 and EXP OUT IS f4c9265e9ea1a2a68135d91b436ab068 
# 
# 
# SUCCESS [15861]: OUT IS fd39e9c77dc9d196029ae9bc92c2331a and EXP OUT IS fd39e9c77dc9d196029ae9bc92c2331a 
# 
# 
# SUCCESS [15901]: OUT IS 6c55f696bfae9b456f94670028fb21bd and EXP OUT IS 6c55f696bfae9b456f94670028fb21bd 
# 
# 
# SUCCESS [15941]: OUT IS 8f43b12a7c98a4cdefa165c9be72c10f and EXP OUT IS 8f43b12a7c98a4cdefa165c9be72c10f 
# 
# 
# SUCCESS [15981]: OUT IS 7bc9102b08ec47fee4777a18f87eedc2 and EXP OUT IS 7bc9102b08ec47fee4777a18f87eedc2 
# 
# 
# SUCCESS [16021]: OUT IS 4e23ec3d9e87067462624b614ce5c69b and EXP OUT IS 4e23ec3d9e87067462624b614ce5c69b 
# 
# 
# SUCCESS [16061]: OUT IS cbd748acb121489b2e95f8ecc692a968 and EXP OUT IS cbd748acb121489b2e95f8ecc692a968 
# 
# 
# SUCCESS [16101]: OUT IS 9c6fb0eaf4f7f9974d21f964e2819835 and EXP OUT IS 9c6fb0eaf4f7f9974d21f964e2819835 
# 
# 
# SUCCESS [16141]: OUT IS 018c3a0c47e4d999bc82808479db6c5e and EXP OUT IS 018c3a0c47e4d999bc82808479db6c5e 
# 
# 
# SUCCESS [16181]: OUT IS 67093e063d4b114e1c42da727d95f435 and EXP OUT IS 67093e063d4b114e1c42da727d95f435 
# 
# 
# SUCCESS [16221]: OUT IS d969fd2fbc810e7f3ef6c9c7f55206be and EXP OUT IS d969fd2fbc810e7f3ef6c9c7f55206be 
# 
# 
# SUCCESS [16261]: OUT IS 352e34b8890fc330b7e542599584820c and EXP OUT IS 352e34b8890fc330b7e542599584820c 
# 
# 
# SUCCESS [16301]: OUT IS a67e73eceeec07f9a298c19723571e32 and EXP OUT IS a67e73eceeec07f9a298c19723571e32 
# 
# 
# SUCCESS [16341]: OUT IS 44501fe8a57d02cdebddf0a7f12b624c and EXP OUT IS 44501fe8a57d02cdebddf0a7f12b624c 
# 
# 
# SUCCESS [16381]: OUT IS e1b9a5bd9f17034d5ed2f5ded41b4855 and EXP OUT IS e1b9a5bd9f17034d5ed2f5ded41b4855 
# 
# 
# SUCCESS [16421]: OUT IS 5f77540809bfdca2158e798b20f6a74f and EXP OUT IS 5f77540809bfdca2158e798b20f6a74f 
# 
# 
# SUCCESS [16461]: OUT IS b0282b831b67c55f121176d3f9800bda and EXP OUT IS b0282b831b67c55f121176d3f9800bda 
# 
# 
# SUCCESS [16501]: OUT IS 7bc7e02d8c8675e9527b03dbdba81659 and EXP OUT IS 7bc7e02d8c8675e9527b03dbdba81659 
# 
# 
# SUCCESS [16541]: OUT IS de99a3b821fb55134a995ae5be4322a1 and EXP OUT IS de99a3b821fb55134a995ae5be4322a1 
# 
# 
# SUCCESS [16581]: OUT IS eb4d0222b7654740bb2a67df736d2359 and EXP OUT IS eb4d0222b7654740bb2a67df736d2359 
# 
# 
# SUCCESS [16621]: OUT IS 3a9a986b792cdf3051a62665dc7ffee1 and EXP OUT IS 3a9a986b792cdf3051a62665dc7ffee1 
# 
# 
# SUCCESS [16661]: OUT IS faca3156cc05a7ee6d0db913f681122d and EXP OUT IS faca3156cc05a7ee6d0db913f681122d 
# 
# 
# SUCCESS [16701]: OUT IS 9884b6218bf169d7709ef5434e18a8da and EXP OUT IS 9884b6218bf169d7709ef5434e18a8da 
# 
# 
# SUCCESS [16741]: OUT IS 24a21d25922a4314fb91f4b32c213e93 and EXP OUT IS 24a21d25922a4314fb91f4b32c213e93 
# 
# 
# SUCCESS [16781]: OUT IS c8a4f30a1346bd1f94f6718b731be6f3 and EXP OUT IS c8a4f30a1346bd1f94f6718b731be6f3 
# 
# 
# SUCCESS [16821]: OUT IS b1eeb8757285a2a867a7d542185f11d1 and EXP OUT IS b1eeb8757285a2a867a7d542185f11d1 
# 
# 
# SUCCESS [16861]: OUT IS ab02bbb819e87f8416a788e8facb5b0e and EXP OUT IS ab02bbb819e87f8416a788e8facb5b0e 
# 
# 
# SUCCESS [16901]: OUT IS 95f11a87ebda725cf8f5258f8fb856d0 and EXP OUT IS 95f11a87ebda725cf8f5258f8fb856d0 
# 
# 
# SUCCESS [16941]: OUT IS 0f0b79076c749c561a42d63f0a66795f and EXP OUT IS 0f0b79076c749c561a42d63f0a66795f 
# 
# 
# SUCCESS [16981]: OUT IS fe2d2c7a8df022466a8a9d48fd94e4b9 and EXP OUT IS fe2d2c7a8df022466a8a9d48fd94e4b9 
# 
# 
# SUCCESS [17021]: OUT IS 6fcded99ec49e2d5a992db7fb79a3fcd and EXP OUT IS 6fcded99ec49e2d5a992db7fb79a3fcd 
# 
# 
# SUCCESS [17061]: OUT IS 03bd4e58c3c706680f631014fd3b40a5 and EXP OUT IS 03bd4e58c3c706680f631014fd3b40a5 
# 
# 
# SUCCESS [17101]: OUT IS adb0bed595e41b637ecfefb3bc0037ad and EXP OUT IS adb0bed595e41b637ecfefb3bc0037ad 
# 
# 
# SUCCESS [17141]: OUT IS 560f64ad39e96ce6a27a257edfd411c2 and EXP OUT IS 560f64ad39e96ce6a27a257edfd411c2 
# 
# 
# SUCCESS [17181]: OUT IS 21cec4c11f8becd6d30196cffc251b08 and EXP OUT IS 21cec4c11f8becd6d30196cffc251b08 
# 
# 
# SUCCESS [17221]: OUT IS c74885eab737c8331d4ff4c0d9733079 and EXP OUT IS c74885eab737c8331d4ff4c0d9733079 
# 
# 
# SUCCESS [17261]: OUT IS 73ef513fb3644f79ce1e9e0d5626070f and EXP OUT IS 73ef513fb3644f79ce1e9e0d5626070f 
# 
# 
# SUCCESS [17301]: OUT IS 8c09c70f2a48618a65b22818ec9856ee and EXP OUT IS 8c09c70f2a48618a65b22818ec9856ee 
# 
# 
# SUCCESS [17341]: OUT IS 7003edd08219bf9cf7776bc42964eb45 and EXP OUT IS 7003edd08219bf9cf7776bc42964eb45 
# 
# 
# SUCCESS [17381]: OUT IS 82955bf54bf41d002fe7bbcb71ae6ce5 and EXP OUT IS 82955bf54bf41d002fe7bbcb71ae6ce5 
# 
# 
# SUCCESS [17421]: OUT IS 5af730761ca50626bca24224e35df909 and EXP OUT IS 5af730761ca50626bca24224e35df909 
# 
# 
# SUCCESS [17461]: OUT IS c851cda39b1ba581451a4f1ecbee0c5f and EXP OUT IS c851cda39b1ba581451a4f1ecbee0c5f 
# 
# 
# SUCCESS [17501]: OUT IS 68455ce880fd66255ef09fe008670bc4 and EXP OUT IS 68455ce880fd66255ef09fe008670bc4 
# 
# 
# SUCCESS [17541]: OUT IS 6c6955418f8d93a7be0ea9eaaab028aa and EXP OUT IS 6c6955418f8d93a7be0ea9eaaab028aa 
# 
# 
# SUCCESS [17581]: OUT IS 38dfb748f3c2ff8fe8e8554677a29417 and EXP OUT IS 38dfb748f3c2ff8fe8e8554677a29417 
# 
# 
# SUCCESS [17621]: OUT IS 96aa73bad4c4c2491ee0972141072ee1 and EXP OUT IS 96aa73bad4c4c2491ee0972141072ee1 
# 
# 
# SUCCESS [17661]: OUT IS 67cd028fc1d348487da988b391908dd0 and EXP OUT IS 67cd028fc1d348487da988b391908dd0 
# 
# 
# SUCCESS [17701]: OUT IS 1133376fc1dd2028e738673d02217bd8 and EXP OUT IS 1133376fc1dd2028e738673d02217bd8 
# 
# 
# SUCCESS [17741]: OUT IS d34d433a5313eb1a2e5f77ed264e908c and EXP OUT IS d34d433a5313eb1a2e5f77ed264e908c 
# 
# 
# SUCCESS [17781]: OUT IS ee778d95977db3fe91a4b4a41cec9972 and EXP OUT IS ee778d95977db3fe91a4b4a41cec9972 
# 
# 
# SUCCESS [17821]: OUT IS 12044eeb53e9bcdebe5b068119e080be and EXP OUT IS 12044eeb53e9bcdebe5b068119e080be 
# 
# 
# SUCCESS [17861]: OUT IS 43d44cff0a1bac642a0cbbec3de199ee and EXP OUT IS 43d44cff0a1bac642a0cbbec3de199ee 
# 
# 
# SUCCESS [17901]: OUT IS 82a3839133f59a5d831e9cadd82b166f and EXP OUT IS 82a3839133f59a5d831e9cadd82b166f 
# 
# 
# SUCCESS [17941]: OUT IS 588c1f70271d559469d0ebf65f2da9a4 and EXP OUT IS 588c1f70271d559469d0ebf65f2da9a4 
# 
# 
# SUCCESS [17981]: OUT IS 05b0bfa4f0b3475bc1bd4672e8c8d12e and EXP OUT IS 05b0bfa4f0b3475bc1bd4672e8c8d12e 
# 
# 
# SUCCESS [18021]: OUT IS 75ca8a94e0c77c40cab3a4eae8c13936 and EXP OUT IS 75ca8a94e0c77c40cab3a4eae8c13936 
# 
# 
# SUCCESS [18061]: OUT IS 16140596d6b49b34db59b182c04f303a and EXP OUT IS 16140596d6b49b34db59b182c04f303a 
# 
# 
# SUCCESS [18101]: OUT IS daca4851eb6998ebe8cd64c6005690ec and EXP OUT IS daca4851eb6998ebe8cd64c6005690ec 
# 
# 
# SUCCESS [18141]: OUT IS 4fc5133df72bc5c91888f46a30fab137 and EXP OUT IS 4fc5133df72bc5c91888f46a30fab137 
# 
# 
# SUCCESS [18181]: OUT IS a915a2b22b0fb84c13bd34b7edb36557 and EXP OUT IS a915a2b22b0fb84c13bd34b7edb36557 
# 
# 
# SUCCESS [18221]: OUT IS 629d55612fbbe39205081730b10e4269 and EXP OUT IS 629d55612fbbe39205081730b10e4269 
# 
# 
# SUCCESS [18261]: OUT IS 36df8830fbcb68d2a9779af8732ca8ce and EXP OUT IS 36df8830fbcb68d2a9779af8732ca8ce 
# 
# 
# SUCCESS [18301]: OUT IS c4202612332fb2986a2e37392c743cda and EXP OUT IS c4202612332fb2986a2e37392c743cda 
# 
# 
# SUCCESS [18341]: OUT IS a0e3447fd182f95ad6039e99857ef549 and EXP OUT IS a0e3447fd182f95ad6039e99857ef549 
# 
# 
# SUCCESS [18381]: OUT IS 56ba1c4dd5b8956706b4ca4c7e607507 and EXP OUT IS 56ba1c4dd5b8956706b4ca4c7e607507 
# 
# 
# SUCCESS [18421]: OUT IS f430c44095ca93dd7f3239744acbe961 and EXP OUT IS f430c44095ca93dd7f3239744acbe961 
# 
# 
# SUCCESS [18461]: OUT IS a121ba1ddb7c2d4e2f7f95c6b3778794 and EXP OUT IS a121ba1ddb7c2d4e2f7f95c6b3778794 
# 
# 
# SUCCESS [18501]: OUT IS a9f4c2f2d6b4b51587e48369381b53eb and EXP OUT IS a9f4c2f2d6b4b51587e48369381b53eb 
# 
# 
# SUCCESS [18541]: OUT IS d1dd625ab26fdb5d263f760599d84b40 and EXP OUT IS d1dd625ab26fdb5d263f760599d84b40 
# 
# 
# SUCCESS [18581]: OUT IS c94076a909abc2094f2b5f6b985c21fc and EXP OUT IS c94076a909abc2094f2b5f6b985c21fc 
# 
# 
# SUCCESS [18621]: OUT IS 398acbbf59efd9561f23b7415d687064 and EXP OUT IS 398acbbf59efd9561f23b7415d687064 
# 
# 
# SUCCESS [18661]: OUT IS d6e48a205a447e668d416c3d3907034b and EXP OUT IS d6e48a205a447e668d416c3d3907034b 
# 
# 
# SUCCESS [18701]: OUT IS 79ff528ad1beb0300e06ff004bfdab0f and EXP OUT IS 79ff528ad1beb0300e06ff004bfdab0f 
# 
# 
# SUCCESS [18741]: OUT IS 1ff73bfe45d81f2208f9846ba5c48a20 and EXP OUT IS 1ff73bfe45d81f2208f9846ba5c48a20 
# 
# 
# SUCCESS [18781]: OUT IS 9539677dbef00e9c7d8cfbf909bde13b and EXP OUT IS 9539677dbef00e9c7d8cfbf909bde13b 
# 
# 
# SUCCESS [18821]: OUT IS 7f1a854b008c82fcc0417872b894b21f and EXP OUT IS 7f1a854b008c82fcc0417872b894b21f 
# 
# 
# SUCCESS [18861]: OUT IS 2bd771a6c7c4ac739208352653d4f455 and EXP OUT IS 2bd771a6c7c4ac739208352653d4f455 
# 
# 
# SUCCESS [18901]: OUT IS 902176ad8bf61d10e1fd40230c780bc9 and EXP OUT IS 902176ad8bf61d10e1fd40230c780bc9 
# 
# 
# SUCCESS [18941]: OUT IS bf4e5b97f238bf1b173b4ca1c79c853b and EXP OUT IS bf4e5b97f238bf1b173b4ca1c79c853b 
# 
# 
# SUCCESS [18981]: OUT IS d3fe98dea0342087863fb6560c2f7e69 and EXP OUT IS d3fe98dea0342087863fb6560c2f7e69 
# 
# 
# SUCCESS [19021]: OUT IS 8cfb1fbca3f2362fda59c469ed71b549 and EXP OUT IS 8cfb1fbca3f2362fda59c469ed71b549 
# 
# 
# SUCCESS [19061]: OUT IS 93c314aeb5a0e474ca47b51d580d1a74 and EXP OUT IS 93c314aeb5a0e474ca47b51d580d1a74 
# 
# 
# SUCCESS [19101]: OUT IS 1e2f234b6474fef7cfac9caec3038b0c and EXP OUT IS 1e2f234b6474fef7cfac9caec3038b0c 
# 
# 
# SUCCESS [19141]: OUT IS 74db26aa3d9da46b91a696947d84495b and EXP OUT IS 74db26aa3d9da46b91a696947d84495b 
# 
# 
# SUCCESS [19181]: OUT IS 77749b8c6134b4e764c635484097e886 and EXP OUT IS 77749b8c6134b4e764c635484097e886 
# 
# 
# SUCCESS [19221]: OUT IS 448a80adcc3b60bca186810133c28c6b and EXP OUT IS 448a80adcc3b60bca186810133c28c6b 
# 
# 
# SUCCESS [19261]: OUT IS 6ed9b0727e9d82a14d249be5ead0a35c and EXP OUT IS 6ed9b0727e9d82a14d249be5ead0a35c 
# 
# 
# SUCCESS [19301]: OUT IS 1bb0b5a6d07668cc6ab8ec0cdb844750 and EXP OUT IS 1bb0b5a6d07668cc6ab8ec0cdb844750 
# 
# 
# SUCCESS [19341]: OUT IS 714ec07c5c7a4d4b918e26ac097bf986 and EXP OUT IS 714ec07c5c7a4d4b918e26ac097bf986 
# 
# 
# SUCCESS [19381]: OUT IS 37ef8912de736d547de1eff6399ece85 and EXP OUT IS 37ef8912de736d547de1eff6399ece85 
# 
# 
# SUCCESS [19421]: OUT IS 959e2985e4a9af998feeb35df673a56d and EXP OUT IS 959e2985e4a9af998feeb35df673a56d 
# 
# 
# SUCCESS [19461]: OUT IS 40d527a60bcc144d7d0f8d7ff6392689 and EXP OUT IS 40d527a60bcc144d7d0f8d7ff6392689 
# 
# 
# SUCCESS [19501]: OUT IS 21db0ec782e0f1e30e80345c69cf687c and EXP OUT IS 21db0ec782e0f1e30e80345c69cf687c 
# 
# 
# SUCCESS [19541]: OUT IS 8ad41f3ea4cd766e74558db64c136b52 and EXP OUT IS 8ad41f3ea4cd766e74558db64c136b52 
# 
# 
# SUCCESS [19581]: OUT IS 4827466273fa32d18659ea7d9d8abbe6 and EXP OUT IS 4827466273fa32d18659ea7d9d8abbe6 
# 
# 
# SUCCESS [19621]: OUT IS e4ece74ff066f73021f5a76973faa359 and EXP OUT IS e4ece74ff066f73021f5a76973faa359 
# 
# 
# SUCCESS [19661]: OUT IS dd1983a3636b03432b9e1da3090f131a and EXP OUT IS dd1983a3636b03432b9e1da3090f131a 
# 
# 
# SUCCESS [19701]: OUT IS 7a5b79e9328a9e91323638b814a6fbe2 and EXP OUT IS 7a5b79e9328a9e91323638b814a6fbe2 
# 
# 
# SUCCESS [19741]: OUT IS acf652f6b7e11b49115ae5f44d741bfb and EXP OUT IS acf652f6b7e11b49115ae5f44d741bfb 
# 
# 
# SUCCESS [19781]: OUT IS c8d1fc67def67eecefaa326ef4e120ce and EXP OUT IS c8d1fc67def67eecefaa326ef4e120ce 
# 
# 
# SUCCESS [19821]: OUT IS 8737f7c858b66e0c419f533048d9d56f and EXP OUT IS 8737f7c858b66e0c419f533048d9d56f 
# 
# 
# SUCCESS [19861]: OUT IS 6af5800187053fb8e3323c193b754bde and EXP OUT IS 6af5800187053fb8e3323c193b754bde 
# 
# 
# SUCCESS [19901]: OUT IS 3aa1280b7737a11baedd98bc87db5701 and EXP OUT IS 3aa1280b7737a11baedd98bc87db5701 
# 
# 
# SUCCESS [19941]: OUT IS ab48d10043b5bd958143675707fb58c7 and EXP OUT IS ab48d10043b5bd958143675707fb58c7 
# 
# 
# SUCCESS [19981]: OUT IS dc5a168523eb6862ff9628aadcb22869 and EXP OUT IS dc5a168523eb6862ff9628aadcb22869 
# 
# 
# SUCCESS [20021]: OUT IS c7b9d9d0d424367b7ff4419e501e7065 and EXP OUT IS c7b9d9d0d424367b7ff4419e501e7065 
# 
# 
# SUCCESS [20061]: OUT IS d3cd0bc1bd9fcda1b78fc7c644330737 and EXP OUT IS d3cd0bc1bd9fcda1b78fc7c644330737 
# 
# 
# SUCCESS [20101]: OUT IS c57b4ac324096a7c3e8d7d0aec4eeb6f and EXP OUT IS c57b4ac324096a7c3e8d7d0aec4eeb6f 
# 
# 
# SUCCESS [20141]: OUT IS f6949a4d18e01eb1e872cc1b6aac9990 and EXP OUT IS f6949a4d18e01eb1e872cc1b6aac9990 
# 
# 
# SUCCESS [20181]: OUT IS 5b0689fb1c6d23f34fe8c6e0e2296c6f and EXP OUT IS 5b0689fb1c6d23f34fe8c6e0e2296c6f 
# 
# 
# SUCCESS [20221]: OUT IS bce059b9cf85bc530de78e85a29612d5 and EXP OUT IS bce059b9cf85bc530de78e85a29612d5 
# 
# 
# SUCCESS [20261]: OUT IS 1b2eb0f18edf3f91fb422674b6076305 and EXP OUT IS 1b2eb0f18edf3f91fb422674b6076305 
# 
# 
# SUCCESS [20301]: OUT IS 6b28560143662408540c05a706487132 and EXP OUT IS 6b28560143662408540c05a706487132 
# 
# 
# SUCCESS [20341]: OUT IS c8a7045ec66e68c2b080cf9d97e6c448 and EXP OUT IS c8a7045ec66e68c2b080cf9d97e6c448 
# 
# 
# SUCCESS [20381]: OUT IS 2b022a65c47ba21d9e061b954386f0fb and EXP OUT IS 2b022a65c47ba21d9e061b954386f0fb 
# 
# 
# SUCCESS [20421]: OUT IS 2cca1a80831bd1e9367737255dbd19bc and EXP OUT IS 2cca1a80831bd1e9367737255dbd19bc 
# 
# 
# SUCCESS [20461]: OUT IS a62e5bd79b7e57e5e93a44d120ebbc33 and EXP OUT IS a62e5bd79b7e57e5e93a44d120ebbc33 
# 
# 
# SUCCESS [20501]: OUT IS a364b04cb6c41d2980313c1a148ed858 and EXP OUT IS a364b04cb6c41d2980313c1a148ed858 
# 
# 
# SUCCESS [20541]: OUT IS 965f8e824928f0993be7af3d80243e00 and EXP OUT IS 965f8e824928f0993be7af3d80243e00 
# 
# 
# SUCCESS [20581]: OUT IS 1baf817d76e81607a48b3c465a1c918f and EXP OUT IS 1baf817d76e81607a48b3c465a1c918f 
# 
# 
# SUCCESS [20621]: OUT IS 67bb5a1ea54f6bb5095cb7862a2fe83e and EXP OUT IS 67bb5a1ea54f6bb5095cb7862a2fe83e 
# 
# 
# SUCCESS [20661]: OUT IS d9675f99d2bbde13720f12c2d9284045 and EXP OUT IS d9675f99d2bbde13720f12c2d9284045 
# 
# 
# SUCCESS [20701]: OUT IS 31a23bea36c90edc09adc4b6b8c00c88 and EXP OUT IS 31a23bea36c90edc09adc4b6b8c00c88 
# 
# 
# SUCCESS [20741]: OUT IS 2bbb66953c3bdb932674751b00dcbd85 and EXP OUT IS 2bbb66953c3bdb932674751b00dcbd85 
# 
# 
# SUCCESS [20781]: OUT IS faa2ea2661ecb52574a51a71c1302f59 and EXP OUT IS faa2ea2661ecb52574a51a71c1302f59 
# 
# 
# SUCCESS [20821]: OUT IS 0822a845e66d28db32951ae25b90c420 and EXP OUT IS 0822a845e66d28db32951ae25b90c420 
# 
# 
# SUCCESS [20861]: OUT IS 5452e2c1f9a6d4ddcc75b32d239dc0d5 and EXP OUT IS 5452e2c1f9a6d4ddcc75b32d239dc0d5 
# 
# 
# SUCCESS [20901]: OUT IS d380bd9e3a4ecb8a0410e06e72f37588 and EXP OUT IS d380bd9e3a4ecb8a0410e06e72f37588 
# 
# 
# SUCCESS [20941]: OUT IS 579ae3dcf2b516b2d62d4f507fb9dde1 and EXP OUT IS 579ae3dcf2b516b2d62d4f507fb9dde1 
# 
# 
# SUCCESS [20981]: OUT IS e4a92bc52ff9904a7f8295c1e51c117b and EXP OUT IS e4a92bc52ff9904a7f8295c1e51c117b 
# 
# 
# SUCCESS [21021]: OUT IS 0e5f390ab9fd522b95877a805b325981 and EXP OUT IS 0e5f390ab9fd522b95877a805b325981 
# 
# 
# SUCCESS [21061]: OUT IS b239beaaee247324ca07d0c65f03b2ba and EXP OUT IS b239beaaee247324ca07d0c65f03b2ba 
# 
# 
# SUCCESS [21101]: OUT IS eda2a401ec92d81d5578cd9a543547fa and EXP OUT IS eda2a401ec92d81d5578cd9a543547fa 
# 
# 
# SUCCESS [21141]: OUT IS 492083b11b545e800cefe745866abb27 and EXP OUT IS 492083b11b545e800cefe745866abb27 
# 
# 
# SUCCESS [21181]: OUT IS 0c0d4be9f7f60405f708d34a8e5abd44 and EXP OUT IS 0c0d4be9f7f60405f708d34a8e5abd44 
# 
# 
# SUCCESS [21221]: OUT IS abf555e3670419582b8bf174023f2b9d and EXP OUT IS abf555e3670419582b8bf174023f2b9d 
# 
# 
# SUCCESS [21261]: OUT IS a93229346c4bf4cd9611343a7a3b7808 and EXP OUT IS a93229346c4bf4cd9611343a7a3b7808 
# 
# 
# SUCCESS [21301]: OUT IS 6002cfdfc1f9d1992c2d295a12284065 and EXP OUT IS 6002cfdfc1f9d1992c2d295a12284065 
# 
# 
# SUCCESS [21341]: OUT IS f2c51a5b26e44e6edcc46a881caecd63 and EXP OUT IS f2c51a5b26e44e6edcc46a881caecd63 
# 
# 
# SUCCESS [21381]: OUT IS 17cf1b97eba9678796dce37724f0fd3f and EXP OUT IS 17cf1b97eba9678796dce37724f0fd3f 
# 
# 
# SUCCESS [21421]: OUT IS 184ed597470706549d37aac72fdd5149 and EXP OUT IS 184ed597470706549d37aac72fdd5149 
# 
# 
# SUCCESS [21461]: OUT IS 0a10b3aa93cf2cdc3d36d6b5fe86a4d7 and EXP OUT IS 0a10b3aa93cf2cdc3d36d6b5fe86a4d7 
# 
# 
# SUCCESS [21501]: OUT IS b6c0b929ce8be0e6d22fd0e8320fb3d4 and EXP OUT IS b6c0b929ce8be0e6d22fd0e8320fb3d4 
# 
# 
# SUCCESS [21541]: OUT IS ae89f60d7f5b43c4fe1f5450f6c8ae2e and EXP OUT IS ae89f60d7f5b43c4fe1f5450f6c8ae2e 
# 
# 
# SUCCESS [21581]: OUT IS dbb344d31879980a0c5152bbb3acd2e9 and EXP OUT IS dbb344d31879980a0c5152bbb3acd2e9 
# 
# 
# SUCCESS [21621]: OUT IS 0c5289323ae95808dfab2402e4e05c8c and EXP OUT IS 0c5289323ae95808dfab2402e4e05c8c 
# 
# 
# SUCCESS [21661]: OUT IS 2d88ffd7bbe81938d98346ea0316089b and EXP OUT IS 2d88ffd7bbe81938d98346ea0316089b 
# 
# 
# SUCCESS [21701]: OUT IS e05242f4317727a34c0adb8b33483cee and EXP OUT IS e05242f4317727a34c0adb8b33483cee 
# 
# 
# SUCCESS [21741]: OUT IS c8c30f77343ac757d2f9964619c0fcb6 and EXP OUT IS c8c30f77343ac757d2f9964619c0fcb6 
# 
# 
# SUCCESS [21781]: OUT IS 7a98105235744c120c4fbe383ddf4ad9 and EXP OUT IS 7a98105235744c120c4fbe383ddf4ad9 
# 
# 
# SUCCESS [21821]: OUT IS 9f297c2255062a830124d70a7d7dc07d and EXP OUT IS 9f297c2255062a830124d70a7d7dc07d 
# 
# 
# SUCCESS [21861]: OUT IS b023dd7499b338c68c4cb75089f36ef8 and EXP OUT IS b023dd7499b338c68c4cb75089f36ef8 
# 
# 
# SUCCESS [21901]: OUT IS c12cb8bf4f5f67ed730d5e922d3ace4e and EXP OUT IS c12cb8bf4f5f67ed730d5e922d3ace4e 
# 
# 
# SUCCESS [21941]: OUT IS f2ce21489a2b20663900bf79e0fe46d3 and EXP OUT IS f2ce21489a2b20663900bf79e0fe46d3 
# 
# 
# SUCCESS [21981]: OUT IS a09d3931b31ef4d3168a8aab6321d69a and EXP OUT IS a09d3931b31ef4d3168a8aab6321d69a 
# 
# 
# SUCCESS [22021]: OUT IS 88d08bbfa83afcd275724f89c607c036 and EXP OUT IS 88d08bbfa83afcd275724f89c607c036 
# 
# 
# SUCCESS [22061]: OUT IS 20e593e691a07315997fdecd781cd1e6 and EXP OUT IS 20e593e691a07315997fdecd781cd1e6 
# 
# 
# SUCCESS [22101]: OUT IS cac76f6727ffd2f6a290ad5e379b81d2 and EXP OUT IS cac76f6727ffd2f6a290ad5e379b81d2 
# 
# 
# SUCCESS [22141]: OUT IS 557d9147c196eaba7b6ced9b2a8bf206 and EXP OUT IS 557d9147c196eaba7b6ced9b2a8bf206 
# 
# 
# SUCCESS [22181]: OUT IS 06dfeceb9d3a8a61ba237581db7e4697 and EXP OUT IS 06dfeceb9d3a8a61ba237581db7e4697 
# 
# 
# SUCCESS [22221]: OUT IS 80cf5b4857c25923279c5d2a4cd2ce7a and EXP OUT IS 80cf5b4857c25923279c5d2a4cd2ce7a 
# 
# 
# SUCCESS [22261]: OUT IS db6ba09b670f207857ee277371245918 and EXP OUT IS db6ba09b670f207857ee277371245918 
# 
# 
# SUCCESS [22301]: OUT IS e26b21a5aa61efd052fc1404f0325c0f and EXP OUT IS e26b21a5aa61efd052fc1404f0325c0f 
# 
# 
# SUCCESS [22341]: OUT IS da32ac6e5753cf124c5d9c289a42625a and EXP OUT IS da32ac6e5753cf124c5d9c289a42625a 
# 
# 
# SUCCESS [22381]: OUT IS ebc8cf2de79e47f37a90cd6b6312aa08 and EXP OUT IS ebc8cf2de79e47f37a90cd6b6312aa08 
# 
# 
# SUCCESS [22421]: OUT IS 36942ae962799368d60ada7c3037a65a and EXP OUT IS 36942ae962799368d60ada7c3037a65a 
# 
# 
# SUCCESS [22461]: OUT IS 62bbeb1792ce83cb2a5fa7c196b39e68 and EXP OUT IS 62bbeb1792ce83cb2a5fa7c196b39e68 
# 
# 
# SUCCESS [22501]: OUT IS d6f87a1078269c638f186465c2d004f4 and EXP OUT IS d6f87a1078269c638f186465c2d004f4 
# 
# 
# SUCCESS [22541]: OUT IS adcb6d594f6b45d32eb626b6c680c684 and EXP OUT IS adcb6d594f6b45d32eb626b6c680c684 
# 
# 
# SUCCESS [22581]: OUT IS ff55110064d2f4096a5eb926dcfab16b and EXP OUT IS ff55110064d2f4096a5eb926dcfab16b 
# 
# 
# SUCCESS [22621]: OUT IS bee3abe2f1937c329e8ade43ba490544 and EXP OUT IS bee3abe2f1937c329e8ade43ba490544 
# 
# 
# SUCCESS [22661]: OUT IS 381141e55617bbcad42bd432952f721b and EXP OUT IS 381141e55617bbcad42bd432952f721b 
# 
# 
# SUCCESS [22701]: OUT IS ae37bbaec12d4d53edf3024ed6646e62 and EXP OUT IS ae37bbaec12d4d53edf3024ed6646e62 
# 
# 
# SUCCESS [22741]: OUT IS 3b5c7e7404331a1d03092ed8c0e393d1 and EXP OUT IS 3b5c7e7404331a1d03092ed8c0e393d1 
# 
# 
# SUCCESS [22781]: OUT IS 9c2aa7cead42fa0de83cc8948e916707 and EXP OUT IS 9c2aa7cead42fa0de83cc8948e916707 
# 
# 
# SUCCESS [22821]: OUT IS 01eea15f93adad18f88ee294ca6d86a5 and EXP OUT IS 01eea15f93adad18f88ee294ca6d86a5 
# 
# 
# SUCCESS [22861]: OUT IS 81dce6a539813db535caa7bd5713f3f5 and EXP OUT IS 81dce6a539813db535caa7bd5713f3f5 
# 
# 
# SUCCESS [22901]: OUT IS 54ef81b7ddf5ca856cc28472cdc355e7 and EXP OUT IS 54ef81b7ddf5ca856cc28472cdc355e7 
# 
# 
# SUCCESS [22941]: OUT IS b8515d60ae0cfd192a794f131cfa3707 and EXP OUT IS b8515d60ae0cfd192a794f131cfa3707 
# 
# 
# SUCCESS [22981]: OUT IS d8b96faff1ec5c0f4602591dc8d35196 and EXP OUT IS d8b96faff1ec5c0f4602591dc8d35196 
# 
# 
# SUCCESS [23021]: OUT IS 2925b27a462295e0ad62d84dde8f0b20 and EXP OUT IS 2925b27a462295e0ad62d84dde8f0b20 
# 
# 
# SUCCESS [23061]: OUT IS 77c2dd3f3423646ccf24634518f19dcd and EXP OUT IS 77c2dd3f3423646ccf24634518f19dcd 
# 
# 
# SUCCESS [23101]: OUT IS 47063289447fec7059e07bf6d5d685a5 and EXP OUT IS 47063289447fec7059e07bf6d5d685a5 
# 
# 
# SUCCESS [23141]: OUT IS b1d4ee37cc8dcbe33e6ed861a153f2b2 and EXP OUT IS b1d4ee37cc8dcbe33e6ed861a153f2b2 
# 
# 
# SUCCESS [23181]: OUT IS 49aa60bc6e6bf5df9a04c832074394c4 and EXP OUT IS 49aa60bc6e6bf5df9a04c832074394c4 
# 
# 
# SUCCESS [23221]: OUT IS 1d578931c65d19f50d798ce18b987321 and EXP OUT IS 1d578931c65d19f50d798ce18b987321 
# 
# 
# SUCCESS [23261]: OUT IS 22433939f3f1d2eba498e15db668e9cf and EXP OUT IS 22433939f3f1d2eba498e15db668e9cf 
# 
# 
# SUCCESS [23301]: OUT IS 96456907796361c9f0eb5e426f07e930 and EXP OUT IS 96456907796361c9f0eb5e426f07e930 
# 
# 
# SUCCESS [23341]: OUT IS 5118c942347459776990e5c0196e4a93 and EXP OUT IS 5118c942347459776990e5c0196e4a93 
# 
# 
# SUCCESS [23381]: OUT IS 3a666d8847e1b6f38e2c1d46381b08e2 and EXP OUT IS 3a666d8847e1b6f38e2c1d46381b08e2 
# 
# 
# SUCCESS [23421]: OUT IS 2a0dcd21339db3925a1fc1933ee62fe2 and EXP OUT IS 2a0dcd21339db3925a1fc1933ee62fe2 
# 
# 
# SUCCESS [23461]: OUT IS 0dda13628d9868618b175d23f77adcab and EXP OUT IS 0dda13628d9868618b175d23f77adcab 
# 
# 
# SUCCESS [23501]: OUT IS 3e606e94d5849ec37f591162448e111f and EXP OUT IS 3e606e94d5849ec37f591162448e111f 
# 
# 
# SUCCESS [23541]: OUT IS 7d9f26543cef63a4af0c04f819d95dfd and EXP OUT IS 7d9f26543cef63a4af0c04f819d95dfd 
# 
# 
# SUCCESS [23581]: OUT IS d092a324657f86ef33098c90e07c87b5 and EXP OUT IS d092a324657f86ef33098c90e07c87b5 
# 
# 
# SUCCESS [23621]: OUT IS e9251ddd6a9756bd5a65bd35329dc5fd and EXP OUT IS e9251ddd6a9756bd5a65bd35329dc5fd 
# 
# 
# SUCCESS [23661]: OUT IS 1d5f82e6ebb8d55e7e2646ef2cde7cee and EXP OUT IS 1d5f82e6ebb8d55e7e2646ef2cde7cee 
# 
# 
# SUCCESS [23701]: OUT IS be9a623ddc373a4cbb9c1f5ec528814e and EXP OUT IS be9a623ddc373a4cbb9c1f5ec528814e 
# 
# 
# SUCCESS [23741]: OUT IS 310db53dc865038b102d3ace9bba9f5c and EXP OUT IS 310db53dc865038b102d3ace9bba9f5c 
# 
# 
# SUCCESS [23781]: OUT IS a1890a8d92ec234443cb2ca5b18c6f0a and EXP OUT IS a1890a8d92ec234443cb2ca5b18c6f0a 
# 
# 
# SUCCESS [23821]: OUT IS 6cff9d9fa121c2e726175c694ae48d22 and EXP OUT IS 6cff9d9fa121c2e726175c694ae48d22 
# 
# 
# SUCCESS [23861]: OUT IS 92ed90791730384ccfa80a74c227983b and EXP OUT IS 92ed90791730384ccfa80a74c227983b 
# 
# 
# SUCCESS [23901]: OUT IS 165553185dc97c4a843ca033efafe395 and EXP OUT IS 165553185dc97c4a843ca033efafe395 
# 
# 
# SUCCESS [23941]: OUT IS 982930d41215bf70bed376a9c729702b and EXP OUT IS 982930d41215bf70bed376a9c729702b 
# 
# 
# SUCCESS [23981]: OUT IS 918229047fb7c2768a95b7e492651624 and EXP OUT IS 918229047fb7c2768a95b7e492651624 
# 
# 
# SUCCESS [24021]: OUT IS 250ad9e9d4cbf939860fa45c3ad5abdb and EXP OUT IS 250ad9e9d4cbf939860fa45c3ad5abdb 
# 
# 
# SUCCESS [24061]: OUT IS 450c2f327b61c7d0308d25938bf4e345 and EXP OUT IS 450c2f327b61c7d0308d25938bf4e345 
# 
# 
# SUCCESS [24101]: OUT IS 7e6085dc2e7d385bec1b87a9eb35651b and EXP OUT IS 7e6085dc2e7d385bec1b87a9eb35651b 
# 
# 
# SUCCESS [24141]: OUT IS 26109ce5c9a9caf27c2eb6afb4968c15 and EXP OUT IS 26109ce5c9a9caf27c2eb6afb4968c15 
# 
# 
# SUCCESS [24181]: OUT IS bf7765b1f3ad0eac3a613e80c8a952cd and EXP OUT IS bf7765b1f3ad0eac3a613e80c8a952cd 
# 
# 
# SUCCESS [24221]: OUT IS c3bb581ed13228f1d8c7f731e2160f16 and EXP OUT IS c3bb581ed13228f1d8c7f731e2160f16 
# 
# 
# SUCCESS [24261]: OUT IS 7382cd0bbd313902704a096b6618fef9 and EXP OUT IS 7382cd0bbd313902704a096b6618fef9 
# 
# 
# SUCCESS [24301]: OUT IS e99425315576de6f72f55bf37a160413 and EXP OUT IS e99425315576de6f72f55bf37a160413 
# 
# 
# SUCCESS [24341]: OUT IS a522e09538782208e1955cd2a22fbf4b and EXP OUT IS a522e09538782208e1955cd2a22fbf4b 
# 
# 
# SUCCESS [24381]: OUT IS 78b4dac1d0a9316441b5026cf337d988 and EXP OUT IS 78b4dac1d0a9316441b5026cf337d988 
# 
# 
# SUCCESS [24421]: OUT IS 132455db418fbfd0d9e494c58f72b086 and EXP OUT IS 132455db418fbfd0d9e494c58f72b086 
# 
# 
# SUCCESS [24461]: OUT IS 5ec230da30d1579f7715530989961382 and EXP OUT IS 5ec230da30d1579f7715530989961382 
# 
# 
# SUCCESS [24501]: OUT IS 987821bc3c3a498e15d57bfc282a9d41 and EXP OUT IS 987821bc3c3a498e15d57bfc282a9d41 
# 
# 
# SUCCESS [24541]: OUT IS cbe5a82c72d850c498d6d8e2e2b4ecfa and EXP OUT IS cbe5a82c72d850c498d6d8e2e2b4ecfa 
# 
# 
# SUCCESS [24581]: OUT IS 9295d061470f311fe7451d9173a032c0 and EXP OUT IS 9295d061470f311fe7451d9173a032c0 
# 
# 
# SUCCESS [24621]: OUT IS 99e09d5a23061ef08880c6492824d409 and EXP OUT IS 99e09d5a23061ef08880c6492824d409 
# 
# 
# SUCCESS [24661]: OUT IS 9cd9c903f477b38711a49d921f2f5df5 and EXP OUT IS 9cd9c903f477b38711a49d921f2f5df5 
# 
# 
# SUCCESS [24701]: OUT IS a0abf70d24abaad7b81354045eba1f94 and EXP OUT IS a0abf70d24abaad7b81354045eba1f94 
# 
# 
# SUCCESS [24741]: OUT IS d2133e4e1f995da1aa9f6c4ca7f86c81 and EXP OUT IS d2133e4e1f995da1aa9f6c4ca7f86c81 
# 
# 
# SUCCESS [24781]: OUT IS b25b7a3f1ac81614efb5b0e3871752a3 and EXP OUT IS b25b7a3f1ac81614efb5b0e3871752a3 
# 
# 
# SUCCESS [24821]: OUT IS cc292e820232961b440fc17f5c1fbfc9 and EXP OUT IS cc292e820232961b440fc17f5c1fbfc9 
# 
# 
# SUCCESS [24861]: OUT IS 0520cbf353f47ad554b9c87097bb5b57 and EXP OUT IS 0520cbf353f47ad554b9c87097bb5b57 
# 
# 
# SUCCESS [24901]: OUT IS 971289a35c3e7604b8ada6b0b910d1f3 and EXP OUT IS 971289a35c3e7604b8ada6b0b910d1f3 
# 
# 
# SUCCESS [24941]: OUT IS 76a09efc43f9ea42b8bc0595baa58039 and EXP OUT IS 76a09efc43f9ea42b8bc0595baa58039 
# 
# 
# SUCCESS [24981]: OUT IS 5cf5b815bde88959af99f46c1b0810dd and EXP OUT IS 5cf5b815bde88959af99f46c1b0810dd 
# 
# 
# SUCCESS [25021]: OUT IS dde77986c12bec71070f7067f83e4281 and EXP OUT IS dde77986c12bec71070f7067f83e4281 
# 
# 
# SUCCESS [25061]: OUT IS 24fd2227dffbfad175d83fa5d41ff4c8 and EXP OUT IS 24fd2227dffbfad175d83fa5d41ff4c8 
# 
# 
# SUCCESS [25101]: OUT IS 5a9a1caac1b3b75b87941aeb92a4e69b and EXP OUT IS 5a9a1caac1b3b75b87941aeb92a4e69b 
# 
# 
# SUCCESS [25141]: OUT IS f5bf08950d4ef1d3da8ef0a605ee5a9b and EXP OUT IS f5bf08950d4ef1d3da8ef0a605ee5a9b 
# 
# 
# SUCCESS [25181]: OUT IS aa06522d7916a564400fc0cf1e4d5715 and EXP OUT IS aa06522d7916a564400fc0cf1e4d5715 
# 
# 
# SUCCESS [25221]: OUT IS 238813498ad69456b8dcb13c1bd0489d and EXP OUT IS 238813498ad69456b8dcb13c1bd0489d 
# 
# 
# SUCCESS [25261]: OUT IS 2b73e982ecd1f7b7bf14e2085d3557d1 and EXP OUT IS 2b73e982ecd1f7b7bf14e2085d3557d1 
# 
# 
# SUCCESS [25301]: OUT IS 6f90df27b3aaba58df78a9785da972d1 and EXP OUT IS 6f90df27b3aaba58df78a9785da972d1 
# 
# 
# SUCCESS [25341]: OUT IS 1ed7bfc85efc2ecdc28f8a566f03461d and EXP OUT IS 1ed7bfc85efc2ecdc28f8a566f03461d 
# 
# 
# SUCCESS [25381]: OUT IS 2d0901fc63503a6f83d6caa81dd79455 and EXP OUT IS 2d0901fc63503a6f83d6caa81dd79455 
# 
# 
# SUCCESS [25421]: OUT IS a7411b1806d132db67ddfd7d94f86b7d and EXP OUT IS a7411b1806d132db67ddfd7d94f86b7d 
# 
# 
# SUCCESS [25461]: OUT IS ae7d71dcb7a000e3ba71b08f06ec66a6 and EXP OUT IS ae7d71dcb7a000e3ba71b08f06ec66a6 
# 
# 
# SUCCESS [25501]: OUT IS 87fda3eee8d65de031ac97aeadd57f2c and EXP OUT IS 87fda3eee8d65de031ac97aeadd57f2c 
# 
# 
# SUCCESS [25541]: OUT IS 3bde46af9fdaf7ec0568972b29467b84 and EXP OUT IS 3bde46af9fdaf7ec0568972b29467b84 
# 
# 
# SUCCESS [25581]: OUT IS 5b9d4dc65f70236ecda35dd41a4fa7ed and EXP OUT IS 5b9d4dc65f70236ecda35dd41a4fa7ed 
# 
# 
# SUCCESS [25621]: OUT IS f7992525269b9f04f4216134ca9dbae4 and EXP OUT IS f7992525269b9f04f4216134ca9dbae4 
# 
# 
# SUCCESS [25661]: OUT IS c69e180becb2cc37f994d8c331d6c3cd and EXP OUT IS c69e180becb2cc37f994d8c331d6c3cd 
# 
# 
# SUCCESS [25701]: OUT IS e7ab8863ee4460c1774c979e0886bd73 and EXP OUT IS e7ab8863ee4460c1774c979e0886bd73 
# 
# 
# SUCCESS [25741]: OUT IS ce6c1b0026000fb6d445b89d6819e1e1 and EXP OUT IS ce6c1b0026000fb6d445b89d6819e1e1 
# 
# 
# SUCCESS [25781]: OUT IS a0a4c5278d57b6aab537a38314123607 and EXP OUT IS a0a4c5278d57b6aab537a38314123607 
# 
# 
# SUCCESS [25821]: OUT IS e1b468c1bc4c4637bbc036fa189c3ec7 and EXP OUT IS e1b468c1bc4c4637bbc036fa189c3ec7 
# 
# 
# SUCCESS [25861]: OUT IS 72e658ac2e35b500b75de5558d0d0b6e and EXP OUT IS 72e658ac2e35b500b75de5558d0d0b6e 
# 
# 
# SUCCESS [25901]: OUT IS c6ce386b095017575af42713afb0d4fe and EXP OUT IS c6ce386b095017575af42713afb0d4fe 
# 
# 
# SUCCESS [25941]: OUT IS 2f200bcf69c3b1853229cbe443bc0334 and EXP OUT IS 2f200bcf69c3b1853229cbe443bc0334 
# 
# 
# SUCCESS [25981]: OUT IS 5e34eb8c0cf737f1f568afa65920b543 and EXP OUT IS 5e34eb8c0cf737f1f568afa65920b543 
# 
# 
# SUCCESS [26021]: OUT IS a7bc9ccf9b0de9535538cf8edc83415e and EXP OUT IS a7bc9ccf9b0de9535538cf8edc83415e 
# 
# 
# SUCCESS [26061]: OUT IS 89efdf3598e120ce430266c40e5d40a1 and EXP OUT IS 89efdf3598e120ce430266c40e5d40a1 
# 
# 
# SUCCESS [26101]: OUT IS 690d34e06cdd2f2f8700e612a6b22716 and EXP OUT IS 690d34e06cdd2f2f8700e612a6b22716 
# 
# 
# SUCCESS [26141]: OUT IS 8cc0fb8326ceed21829d67b290182df2 and EXP OUT IS 8cc0fb8326ceed21829d67b290182df2 
# 
# 
# SUCCESS [26181]: OUT IS ffae3520dbd576e55d5616e1656bbf76 and EXP OUT IS ffae3520dbd576e55d5616e1656bbf76 
# 
# 
# SUCCESS [26221]: OUT IS 1294a56589ee0234c3a50bdca7b06072 and EXP OUT IS 1294a56589ee0234c3a50bdca7b06072 
# 
# 
# SUCCESS [26261]: OUT IS b839b70d7be8f77f600f78ed2e6e8554 and EXP OUT IS b839b70d7be8f77f600f78ed2e6e8554 
# 
# 
# SUCCESS [26301]: OUT IS 567b9b20226441c826ef1027e2eff854 and EXP OUT IS 567b9b20226441c826ef1027e2eff854 
# 
# 
# SUCCESS [26341]: OUT IS 79e66a0635434ddf8ad9d51d97e96b38 and EXP OUT IS 79e66a0635434ddf8ad9d51d97e96b38 
# 
# 
# SUCCESS [26381]: OUT IS 6f04206c9082fd7e06c05a4ab4c39db4 and EXP OUT IS 6f04206c9082fd7e06c05a4ab4c39db4 
# 
# 
# SUCCESS [26421]: OUT IS e266495db1ef154674e67c746d541800 and EXP OUT IS e266495db1ef154674e67c746d541800 
# 
# 
# SUCCESS [26461]: OUT IS dcfae085eeb601c9d4a4b6ac9f20e01d and EXP OUT IS dcfae085eeb601c9d4a4b6ac9f20e01d 
# 
# 
# SUCCESS [26501]: OUT IS 00c553347b4c0a19d35b78e6fcdd73e2 and EXP OUT IS 00c553347b4c0a19d35b78e6fcdd73e2 
# 
# 
# SUCCESS [26541]: OUT IS eb4a92b723151207c7ba9f58e9269eaa and EXP OUT IS eb4a92b723151207c7ba9f58e9269eaa 
# 
# 
# SUCCESS [26581]: OUT IS bd47c1a9edc2c72f3be6a0fe3645c0ad and EXP OUT IS bd47c1a9edc2c72f3be6a0fe3645c0ad 
# 
# 
# SUCCESS [26621]: OUT IS 01e4f2c4292fb3eb8c22b08a4e5bee19 and EXP OUT IS 01e4f2c4292fb3eb8c22b08a4e5bee19 
# 
# 
# SUCCESS [26661]: OUT IS 70781b7556ab84e86d7bf276d6406a66 and EXP OUT IS 70781b7556ab84e86d7bf276d6406a66 
# 
# 
# SUCCESS [26701]: OUT IS 1f1472df96b2ca1e7699ba6b778cd2b8 and EXP OUT IS 1f1472df96b2ca1e7699ba6b778cd2b8 
# 
# 
# SUCCESS [26741]: OUT IS af065840ade3f4cc0915d698e66034b9 and EXP OUT IS af065840ade3f4cc0915d698e66034b9 
# 
# 
# SUCCESS [26781]: OUT IS c5d865152043e09bf54105173cd48919 and EXP OUT IS c5d865152043e09bf54105173cd48919 
# 
# 
# SUCCESS [26821]: OUT IS 1d9e722349972d984c4b6f6ac366935e and EXP OUT IS 1d9e722349972d984c4b6f6ac366935e 
# 
# 
# SUCCESS [26861]: OUT IS 4a5257b6a85de6515601b3476b8d7516 and EXP OUT IS 4a5257b6a85de6515601b3476b8d7516 
# 
# 
# SUCCESS [26901]: OUT IS da2dc0433be95ad0fa7e532092308c9f and EXP OUT IS da2dc0433be95ad0fa7e532092308c9f 
# 
# 
# SUCCESS [26941]: OUT IS 30bc5b0a3fd3dd76617ae53ac96dfe58 and EXP OUT IS 30bc5b0a3fd3dd76617ae53ac96dfe58 
# 
# 
# SUCCESS [26981]: OUT IS df432b7ae99cb4549151f509a5e7a6e5 and EXP OUT IS df432b7ae99cb4549151f509a5e7a6e5 
# 
# 
# SUCCESS [27021]: OUT IS 6d3a9a2732f1aee191527a5bae3258ea and EXP OUT IS 6d3a9a2732f1aee191527a5bae3258ea 
# 
# 
# SUCCESS [27061]: OUT IS 478ad1eff4bb853a3fd8500b22e63c37 and EXP OUT IS 478ad1eff4bb853a3fd8500b22e63c37 
# 
# 
# SUCCESS [27101]: OUT IS 58b236a0c625dabca53ec08c8ae1f39c and EXP OUT IS 58b236a0c625dabca53ec08c8ae1f39c 
# 
# 
# SUCCESS [27141]: OUT IS 615f9f5ee60f35772fd2b61ebe4a3fda and EXP OUT IS 615f9f5ee60f35772fd2b61ebe4a3fda 
# 
# 
# SUCCESS [27181]: OUT IS 4291cee545047169a0da65c939513205 and EXP OUT IS 4291cee545047169a0da65c939513205 
# 
# 
# SUCCESS [27221]: OUT IS e13488712c711b5dff6e347c835110ff and EXP OUT IS e13488712c711b5dff6e347c835110ff 
# 
# 
# SUCCESS [27261]: OUT IS 45e7f0874d61a7004b62696f10a17ad3 and EXP OUT IS 45e7f0874d61a7004b62696f10a17ad3 
# 
# 
# SUCCESS [27301]: OUT IS 334cda0e00ddcbd4359c28f68dfc149d and EXP OUT IS 334cda0e00ddcbd4359c28f68dfc149d 
# 
# 
# SUCCESS [27341]: OUT IS ffb8592551c64431ac91f4d04ecb8a35 and EXP OUT IS ffb8592551c64431ac91f4d04ecb8a35 
# 
# 
# SUCCESS [27381]: OUT IS c120113bb446a6f39115ecb4ee5659c1 and EXP OUT IS c120113bb446a6f39115ecb4ee5659c1 
# 
# 
# SUCCESS [27421]: OUT IS 90ede92719273f6059c2466c118a6559 and EXP OUT IS 90ede92719273f6059c2466c118a6559 
# 
# 
# SUCCESS [27461]: OUT IS cd7c63fc50ed63672ed9633a92fd2298 and EXP OUT IS cd7c63fc50ed63672ed9633a92fd2298 
# 
# 
# SUCCESS [27501]: OUT IS 1829bbb7c115c6b67c8e8f55b7e4e150 and EXP OUT IS 1829bbb7c115c6b67c8e8f55b7e4e150 
# 
# 
# SUCCESS [27541]: OUT IS dc010b966e908da7631d54515928c7d9 and EXP OUT IS dc010b966e908da7631d54515928c7d9 
# 
# 
# SUCCESS [27581]: OUT IS 7e2a12282c93aafe0a2e8ab6db8b23a7 and EXP OUT IS 7e2a12282c93aafe0a2e8ab6db8b23a7 
# 
# 
# SUCCESS [27621]: OUT IS f52c39b46c8355d5278edda9e58a6015 and EXP OUT IS f52c39b46c8355d5278edda9e58a6015 
# 
# 
# SUCCESS [27661]: OUT IS a152a9e836bc1a60eda15e990a8f838e and EXP OUT IS a152a9e836bc1a60eda15e990a8f838e 
# 
# 
# SUCCESS [27701]: OUT IS 84f5ed0f23e10a279f05f3bc33faff89 and EXP OUT IS 84f5ed0f23e10a279f05f3bc33faff89 
# 
# 
# SUCCESS [27741]: OUT IS 1eeda05f08d88bbbc3064b11f4f1032f and EXP OUT IS 1eeda05f08d88bbbc3064b11f4f1032f 
# 
# 
# SUCCESS [27781]: OUT IS fb05574ca142458329da12d879176362 and EXP OUT IS fb05574ca142458329da12d879176362 
# 
# 
# SUCCESS [27821]: OUT IS ce75ae8ab2adec474ef5534e70d6e161 and EXP OUT IS ce75ae8ab2adec474ef5534e70d6e161 
# 
# 
# SUCCESS [27861]: OUT IS 25b5be92797150b43fc1607a747c621a and EXP OUT IS 25b5be92797150b43fc1607a747c621a 
# 
# 
# SUCCESS [27901]: OUT IS a369f440f8549addcef4602229de881e and EXP OUT IS a369f440f8549addcef4602229de881e 
# 
# 
# SUCCESS [27941]: OUT IS 51b33859525a769320e651467ce0e76b and EXP OUT IS 51b33859525a769320e651467ce0e76b 
# 
# 
# SUCCESS [27981]: OUT IS ee6093ed0e91e0653083b1f2dc2680be and EXP OUT IS ee6093ed0e91e0653083b1f2dc2680be 
# 
# 
# SUCCESS [28021]: OUT IS aa8fb1bd144a005e950f586f67af7cf0 and EXP OUT IS aa8fb1bd144a005e950f586f67af7cf0 
# 
# 
# SUCCESS [28061]: OUT IS f8fb183afbc05af4b1704634c4a75198 and EXP OUT IS f8fb183afbc05af4b1704634c4a75198 
# 
# 
# SUCCESS [28101]: OUT IS 6b0260e4fda406dac1663aa2bb204ec4 and EXP OUT IS 6b0260e4fda406dac1663aa2bb204ec4 
# 
# 
# SUCCESS [28141]: OUT IS 9a962a70ddf1f21745f3f493ff126cfb and EXP OUT IS 9a962a70ddf1f21745f3f493ff126cfb 
# 
# 
# SUCCESS [28181]: OUT IS d0e71f9e3ab5e7e2788428cfb93ab501 and EXP OUT IS d0e71f9e3ab5e7e2788428cfb93ab501 
# 
# 
# SUCCESS [28221]: OUT IS f79d585802deb4c23302f578fd655005 and EXP OUT IS f79d585802deb4c23302f578fd655005 
# 
# 
# SUCCESS [28261]: OUT IS 87497029588f99b6e8011f90ba0bb026 and EXP OUT IS 87497029588f99b6e8011f90ba0bb026 
# 
# 
# SUCCESS [28301]: OUT IS 85356347a4ea21eb8434f23d00b2696c and EXP OUT IS 85356347a4ea21eb8434f23d00b2696c 
# 
# 
# SUCCESS [28341]: OUT IS 9d27e1c24bd9ddb82abc99bbf0484f1e and EXP OUT IS 9d27e1c24bd9ddb82abc99bbf0484f1e 
# 
# 
# SUCCESS [28381]: OUT IS 3343062f821543af2f718bbd82ca3fd4 and EXP OUT IS 3343062f821543af2f718bbd82ca3fd4 
# 
# 
# SUCCESS [28421]: OUT IS d9c47525aa568cc9d308971bce56d716 and EXP OUT IS d9c47525aa568cc9d308971bce56d716 
# 
# 
# SUCCESS [28461]: OUT IS ae058d711e495157cd51d02c1921cfeb and EXP OUT IS ae058d711e495157cd51d02c1921cfeb 
# 
# 
# SUCCESS [28501]: OUT IS 261a7653730bfe30d0c8fa5ecf3f1518 and EXP OUT IS 261a7653730bfe30d0c8fa5ecf3f1518 
# 
# 
# SUCCESS [28541]: OUT IS 1b797b92759dbd09a6dacabc2ec0d953 and EXP OUT IS 1b797b92759dbd09a6dacabc2ec0d953 
# 
# 
# SUCCESS [28581]: OUT IS 04e597b0b69e85c6f8c6ba9ff990e9d1 and EXP OUT IS 04e597b0b69e85c6f8c6ba9ff990e9d1 
# 
# 
# SUCCESS [28621]: OUT IS dcccd3000da8f1e656679d3a48d342ef and EXP OUT IS dcccd3000da8f1e656679d3a48d342ef 
# 
# 
# SUCCESS [28661]: OUT IS 0ea3ca068a325f2f1c5c174c6d4a53a7 and EXP OUT IS 0ea3ca068a325f2f1c5c174c6d4a53a7 
# 
# 
# SUCCESS [28701]: OUT IS e7ceb21c0e2d0e05dbee39200bfdac5b and EXP OUT IS e7ceb21c0e2d0e05dbee39200bfdac5b 
# 
# 
# SUCCESS [28741]: OUT IS f24f3fa170d8c50217a588ffab30b743 and EXP OUT IS f24f3fa170d8c50217a588ffab30b743 
# 
# 
# SUCCESS [28781]: OUT IS 3243d8fb3380bcbefb641937f8dc4595 and EXP OUT IS 3243d8fb3380bcbefb641937f8dc4595 
# 
# 
# SUCCESS [28821]: OUT IS 738fda30f12b6bf7155fb7373b0e7964 and EXP OUT IS 738fda30f12b6bf7155fb7373b0e7964 
# 
# 
# SUCCESS [28861]: OUT IS 2159102b37b25aea6094085be1faf1f4 and EXP OUT IS 2159102b37b25aea6094085be1faf1f4 
# 
# 
# SUCCESS [28901]: OUT IS 13ab9c61b112cdf3d36d8c31ec7d47da and EXP OUT IS 13ab9c61b112cdf3d36d8c31ec7d47da 
# 
# 
# SUCCESS [28941]: OUT IS 47f4213856ea6149b15a99bb430bf51b and EXP OUT IS 47f4213856ea6149b15a99bb430bf51b 
# 
# 
# SUCCESS [28981]: OUT IS 3ab4d75065be89267947cac643bbdf0b and EXP OUT IS 3ab4d75065be89267947cac643bbdf0b 
# 
# 
# SUCCESS [29021]: OUT IS 006dda3109efdb04177bf2419f1a104c and EXP OUT IS 006dda3109efdb04177bf2419f1a104c 
# 
# 
# SUCCESS [29061]: OUT IS 271f6053e2a8bbe7cf3367393b8b8c79 and EXP OUT IS 271f6053e2a8bbe7cf3367393b8b8c79 
# 
# 
# SUCCESS [29101]: OUT IS 96814d6406a92fd22fa3de3667c49bb1 and EXP OUT IS 96814d6406a92fd22fa3de3667c49bb1 
# 
# 
# SUCCESS [29141]: OUT IS 6d671a4c34fd3b2ee8b417d490b22172 and EXP OUT IS 6d671a4c34fd3b2ee8b417d490b22172 
# 
# 
# SUCCESS [29181]: OUT IS af07033407866caff176079ac7322463 and EXP OUT IS af07033407866caff176079ac7322463 
# 
# 
# SUCCESS [29221]: OUT IS d900baedac9d4a7fff3039029a5dc235 and EXP OUT IS d900baedac9d4a7fff3039029a5dc235 
# 
# 
# SUCCESS [29261]: OUT IS 1f1a1927a0947d4693566000b4d7a42d and EXP OUT IS 1f1a1927a0947d4693566000b4d7a42d 
# 
# 
# SUCCESS [29301]: OUT IS e9059673943808dde3813c3b6fa1afa3 and EXP OUT IS e9059673943808dde3813c3b6fa1afa3 
# 
# 
# SUCCESS [29341]: OUT IS 286c27128aafb8aa0261779854e84e90 and EXP OUT IS 286c27128aafb8aa0261779854e84e90 
# 
# 
# SUCCESS [29381]: OUT IS ff64e538266566e125802eed1a58590a and EXP OUT IS ff64e538266566e125802eed1a58590a 
# 
# 
# SUCCESS [29421]: OUT IS f314d8bd64e5592c707334259bde2e41 and EXP OUT IS f314d8bd64e5592c707334259bde2e41 
# 
# 
# SUCCESS [29461]: OUT IS 758674b28e01b2a7f05b2040c9c51bf7 and EXP OUT IS 758674b28e01b2a7f05b2040c9c51bf7 
# 
# 
# SUCCESS [29501]: OUT IS 161e5abf51fd8aa933dee71494e0e41f and EXP OUT IS 161e5abf51fd8aa933dee71494e0e41f 
# 
# 
# SUCCESS [29541]: OUT IS 83ebe878f6baac46f0d9a11b4c631e32 and EXP OUT IS 83ebe878f6baac46f0d9a11b4c631e32 
# 
# 
# SUCCESS [29581]: OUT IS 5a1983331bc782d97243964af3621f6d and EXP OUT IS 5a1983331bc782d97243964af3621f6d 
# 
# 
# SUCCESS [29621]: OUT IS ede8abeb468f738a02d57840e30b309b and EXP OUT IS ede8abeb468f738a02d57840e30b309b 
# 
# 
# SUCCESS [29661]: OUT IS 882da5f0ca533a97c1695424c774b66e and EXP OUT IS 882da5f0ca533a97c1695424c774b66e 
# 
# 
# SUCCESS [29701]: OUT IS 78ba86efc5a8f53ce7d199b7bc25110d and EXP OUT IS 78ba86efc5a8f53ce7d199b7bc25110d 
# 
# 
# SUCCESS [29741]: OUT IS eb80b2cbfa83e75939232c962d95cd6b and EXP OUT IS eb80b2cbfa83e75939232c962d95cd6b 
# 
# 
# SUCCESS [29781]: OUT IS ace1c6e4d988fc537a0bac909c634252 and EXP OUT IS ace1c6e4d988fc537a0bac909c634252 
# 
# 
# SUCCESS [29821]: OUT IS 6540bb1563b2e4d9122db367e359be57 and EXP OUT IS 6540bb1563b2e4d9122db367e359be57 
# 
# 
# SUCCESS [29861]: OUT IS 69d84df6640faeb392ea4f7bba894c35 and EXP OUT IS 69d84df6640faeb392ea4f7bba894c35 
# 
# 
# SUCCESS [29901]: OUT IS cdaaaaf68ce6fbee13a5636fe77a663a and EXP OUT IS cdaaaaf68ce6fbee13a5636fe77a663a 
# 
# 
# SUCCESS [29941]: OUT IS b0cac5fe3c33e8055e2c36094d451730 and EXP OUT IS b0cac5fe3c33e8055e2c36094d451730 
# 
# 
# SUCCESS [29981]: OUT IS 567f928024cff4e1038286de8df9afb6 and EXP OUT IS 567f928024cff4e1038286de8df9afb6 
# 
# 
# SUCCESS [30021]: OUT IS f200cb03354f49e964c9448995ce1694 and EXP OUT IS f200cb03354f49e964c9448995ce1694 
# 
# 
# SUCCESS [30061]: OUT IS d48f8009b56beba2f20f0b9a452f9670 and EXP OUT IS d48f8009b56beba2f20f0b9a452f9670 
# 
# 
# SUCCESS [30101]: OUT IS 45ced033335e00a160f12b16d860493d and EXP OUT IS 45ced033335e00a160f12b16d860493d 
# 
# 
# SUCCESS [30141]: OUT IS 152df6c7fa5a87688b93ec2f75216ddf and EXP OUT IS 152df6c7fa5a87688b93ec2f75216ddf 
# 
# 
# SUCCESS [30181]: OUT IS 23be066af046e7d594fdf23c1ba1a298 and EXP OUT IS 23be066af046e7d594fdf23c1ba1a298 
# 
# 
# SUCCESS [30221]: OUT IS 556dbca4189607cfb74fffc087a45e17 and EXP OUT IS 556dbca4189607cfb74fffc087a45e17 
# 
# 
# SUCCESS [30261]: OUT IS 00fd1d91f18656e0a2ec5a4c50d95551 and EXP OUT IS 00fd1d91f18656e0a2ec5a4c50d95551 
# 
# 
# SUCCESS [30301]: OUT IS ff20d55e88fdbe367f43b239215a7d20 and EXP OUT IS ff20d55e88fdbe367f43b239215a7d20 
# 
# 
# SUCCESS [30341]: OUT IS a5067223670fbe55bc1399556f6c7fcc and EXP OUT IS a5067223670fbe55bc1399556f6c7fcc 
# 
# 
# SUCCESS [30381]: OUT IS 98f699fca88370388c6291a9895e208c and EXP OUT IS 98f699fca88370388c6291a9895e208c 
# 
# 
# SUCCESS [30421]: OUT IS cdf72cc93f1a54e49a90266ce1d917c3 and EXP OUT IS cdf72cc93f1a54e49a90266ce1d917c3 
# 
# 
# SUCCESS [30461]: OUT IS d8b94a66a650641f78c1f0c901ea722e and EXP OUT IS d8b94a66a650641f78c1f0c901ea722e 
# 
# 
# SUCCESS [30501]: OUT IS c5130c9305b83af75fe25c4740652d6a and EXP OUT IS c5130c9305b83af75fe25c4740652d6a 
# 
# 
# SUCCESS [30541]: OUT IS de8f9fe6f6b1ebc35e9dc9191b70433a and EXP OUT IS de8f9fe6f6b1ebc35e9dc9191b70433a 
# 
# 
# SUCCESS [30581]: OUT IS be4df4c3e9c8cda415fa91c89ad02edf and EXP OUT IS be4df4c3e9c8cda415fa91c89ad02edf 
# 
# 
# SUCCESS [30621]: OUT IS ad3189b5c2ce150ad11bfffd22362787 and EXP OUT IS ad3189b5c2ce150ad11bfffd22362787 
# 
# 
# SUCCESS [30661]: OUT IS 7acb6e46abb96f0ac2b9b99f121f8aff and EXP OUT IS 7acb6e46abb96f0ac2b9b99f121f8aff 
# 
# 
# SUCCESS [30701]: OUT IS 52a0584d119be49cc3f90ebf89ed8eef and EXP OUT IS 52a0584d119be49cc3f90ebf89ed8eef 
# 
# 
# SUCCESS [30741]: OUT IS d67894a7a33ecdbe8511dc7519417163 and EXP OUT IS d67894a7a33ecdbe8511dc7519417163 
# 
# 
# SUCCESS [30781]: OUT IS 667e636bbbee0e7d0710c58dc8c57b2d and EXP OUT IS 667e636bbbee0e7d0710c58dc8c57b2d 
# 
# 
# SUCCESS [30821]: OUT IS 29bca026d10400d280c3881b3096c162 and EXP OUT IS 29bca026d10400d280c3881b3096c162 
# 
# 
# SUCCESS [30861]: OUT IS 58ed23aaa0a939e1f8d9aef90b067420 and EXP OUT IS 58ed23aaa0a939e1f8d9aef90b067420 
# 
# 
# SUCCESS [30901]: OUT IS 37fe34011cd5c08435bcb9797b4d5d51 and EXP OUT IS 37fe34011cd5c08435bcb9797b4d5d51 
# 
# 
# SUCCESS [30941]: OUT IS 504a7bed4499d51cb76a43819dd132ed and EXP OUT IS 504a7bed4499d51cb76a43819dd132ed 
# 
# 
# SUCCESS [30981]: OUT IS 06ca903f0bbbc31b5fca627ec56ae6c4 and EXP OUT IS 06ca903f0bbbc31b5fca627ec56ae6c4 
# 
# 
# SUCCESS [31021]: OUT IS 7f837f86c50b96d6068852b749634755 and EXP OUT IS 7f837f86c50b96d6068852b749634755 
# 
# 
# SUCCESS [31061]: OUT IS a844702d93ff0ddc51c2a7622917ba89 and EXP OUT IS a844702d93ff0ddc51c2a7622917ba89 
# 
# 
# SUCCESS [31101]: OUT IS 35df700bb905d7d14daf4542c8daf2a3 and EXP OUT IS 35df700bb905d7d14daf4542c8daf2a3 
# 
# 
# SUCCESS [31141]: OUT IS e2336c6805e9c238c8fc0439f0cac92b and EXP OUT IS e2336c6805e9c238c8fc0439f0cac92b 
# 
# 
# SUCCESS [31181]: OUT IS d09c28e477f68240a0492fa7988d1bb5 and EXP OUT IS d09c28e477f68240a0492fa7988d1bb5 
# 
# 
# SUCCESS [31221]: OUT IS ebc17d2f9b3fbb0aebc421a35d661e10 and EXP OUT IS ebc17d2f9b3fbb0aebc421a35d661e10 
# 
# 
# SUCCESS [31261]: OUT IS 9c523bca9039766c2fac804db08455f5 and EXP OUT IS 9c523bca9039766c2fac804db08455f5 
# 
# 
# SUCCESS [31301]: OUT IS add42d045e991783f5e99371fb7d3678 and EXP OUT IS add42d045e991783f5e99371fb7d3678 
# 
# 
# SUCCESS [31341]: OUT IS 212d5d35fa94a7dd25176b92ca02ccab and EXP OUT IS 212d5d35fa94a7dd25176b92ca02ccab 
# 
# 
# SUCCESS [31381]: OUT IS a348f5d4e82a6104d0c10727cd96242e and EXP OUT IS a348f5d4e82a6104d0c10727cd96242e 
# 
# 
# SUCCESS [31421]: OUT IS f24776a8a6566d705576224f09a486c3 and EXP OUT IS f24776a8a6566d705576224f09a486c3 
# 
# 
# SUCCESS [31461]: OUT IS 6cf621a6845834e250edc4dce60996ad and EXP OUT IS 6cf621a6845834e250edc4dce60996ad 
# 
# 
# SUCCESS [31501]: OUT IS 61503a60624395b3f603f42ae892503a and EXP OUT IS 61503a60624395b3f603f42ae892503a 
# 
# 
# SUCCESS [31541]: OUT IS 49a0f49bc90df87a3aec69e6ff37e670 and EXP OUT IS 49a0f49bc90df87a3aec69e6ff37e670 
# 
# 
# SUCCESS [31581]: OUT IS e34dc1e86ed73bb88d0121a0c5234983 and EXP OUT IS e34dc1e86ed73bb88d0121a0c5234983 
# 
# 
# SUCCESS [31621]: OUT IS f2f38a6ef7d5d9917c4567b5b80e210b and EXP OUT IS f2f38a6ef7d5d9917c4567b5b80e210b 
# 
# 
# SUCCESS [31661]: OUT IS 50f64a11f87e6f8811243e282fbc3814 and EXP OUT IS 50f64a11f87e6f8811243e282fbc3814 
# 
# 
# SUCCESS [31701]: OUT IS 397c077b263ac4ed74b1236f8dbeb2fd and EXP OUT IS 397c077b263ac4ed74b1236f8dbeb2fd 
# 
# 
# SUCCESS [31741]: OUT IS 3f4c3a765876f535b92eaa704154e02b and EXP OUT IS 3f4c3a765876f535b92eaa704154e02b 
# 
# 
# SUCCESS [31781]: OUT IS e4d23b4407c0f7947c7c6843f012be31 and EXP OUT IS e4d23b4407c0f7947c7c6843f012be31 
# 
# 
# SUCCESS [31821]: OUT IS ba67d896f794863d6db5c5dc98ec8a42 and EXP OUT IS ba67d896f794863d6db5c5dc98ec8a42 
# 
# 
# SUCCESS [31861]: OUT IS 2b52609b5661d732746c6ac255d7897a and EXP OUT IS 2b52609b5661d732746c6ac255d7897a 
# 
# 
# SUCCESS [31901]: OUT IS 8c2ecd8998fac358e2c7bbd329d1ffd1 and EXP OUT IS 8c2ecd8998fac358e2c7bbd329d1ffd1 
# 
# 
# SUCCESS [31941]: OUT IS 6beb90efea06920235d741af52c01757 and EXP OUT IS 6beb90efea06920235d741af52c01757 
# 
# 
# SUCCESS [31981]: OUT IS ab0958807166500089ad0f6c8d2aadfc and EXP OUT IS ab0958807166500089ad0f6c8d2aadfc 
# 
# 
# SUCCESS [32021]: OUT IS a826c828b62cab3e09faaeb4ca46273d and EXP OUT IS a826c828b62cab3e09faaeb4ca46273d 
# 
# 
# SUCCESS [32061]: OUT IS 2ff041cafd145547b678155188c3480d and EXP OUT IS 2ff041cafd145547b678155188c3480d 
# 
# 
# SUCCESS [32101]: OUT IS d01bd6f26bfecbddfdaa7bb1f3968f38 and EXP OUT IS d01bd6f26bfecbddfdaa7bb1f3968f38 
# 
# 
# SUCCESS [32141]: OUT IS 277a0b7b2ce9bb6d85ea68746bb9262b and EXP OUT IS 277a0b7b2ce9bb6d85ea68746bb9262b 
# 
# 
# SUCCESS [32181]: OUT IS fa5b301cdc417c3e146ce1e9e4586adf and EXP OUT IS fa5b301cdc417c3e146ce1e9e4586adf 
# 
# 
# SUCCESS [32221]: OUT IS 63ac5ac2b8c667be31a68f6bef7491d9 and EXP OUT IS 63ac5ac2b8c667be31a68f6bef7491d9 
# 
# 
# SUCCESS [32261]: OUT IS 27491a058db25b5561046d85381b7a91 and EXP OUT IS 27491a058db25b5561046d85381b7a91 
# 
# 
# SUCCESS [32301]: OUT IS 028d7cc73698469178ddcbb909e713f8 and EXP OUT IS 028d7cc73698469178ddcbb909e713f8 
# 
# 
# SUCCESS [32341]: OUT IS 70146e645e3d0a60035488f6a2c9b26a and EXP OUT IS 70146e645e3d0a60035488f6a2c9b26a 
# 
# 
# SUCCESS [32381]: OUT IS 8e7d4f6c9163ccd228f6ea38977f7aca and EXP OUT IS 8e7d4f6c9163ccd228f6ea38977f7aca 
# 
# 
# SUCCESS [32421]: OUT IS 0f0c36db4e7a966b57d88b74dfe47880 and EXP OUT IS 0f0c36db4e7a966b57d88b74dfe47880 
# 
# 
# SUCCESS [32461]: OUT IS 50c1a4be5595610fad3f36272bc873bd and EXP OUT IS 50c1a4be5595610fad3f36272bc873bd 
# 
# 
# SUCCESS [32501]: OUT IS d07b1fa24fbcb425cd36710d488ef7ec and EXP OUT IS d07b1fa24fbcb425cd36710d488ef7ec 
# 
# 
# SUCCESS [32541]: OUT IS 0c1197a0f32fb68101d1920833cbb269 and EXP OUT IS 0c1197a0f32fb68101d1920833cbb269 
# 
# 
# SUCCESS [32581]: OUT IS 06b433cc1e616949aec76bb88b904389 and EXP OUT IS 06b433cc1e616949aec76bb88b904389 
# 
# 
# SUCCESS [32621]: OUT IS cfced9d62aea8b90f3c4dd473aa2ceac and EXP OUT IS cfced9d62aea8b90f3c4dd473aa2ceac 
# 
# 
# SUCCESS [32661]: OUT IS 6e86142199f3e4451aceb4f8079e048b and EXP OUT IS 6e86142199f3e4451aceb4f8079e048b 
# 
# 
# SUCCESS [32701]: OUT IS 17f86a117c72e5084d250fa25e08aee5 and EXP OUT IS 17f86a117c72e5084d250fa25e08aee5 
# 
# 
# SUCCESS [32741]: OUT IS e044ffc1869bc23d17ebacd778d4eb83 and EXP OUT IS e044ffc1869bc23d17ebacd778d4eb83 
# 
# 
# SUCCESS [32781]: OUT IS 16142744d83f5bd500c6f6b1d0ceab53 and EXP OUT IS 16142744d83f5bd500c6f6b1d0ceab53 
# 
# 
# SUCCESS [32821]: OUT IS 43739586f025b00c7fa057cfa45a1da2 and EXP OUT IS 43739586f025b00c7fa057cfa45a1da2 
# 
# 
# SUCCESS [32861]: OUT IS b58f776fdcf64f3512631f428a05f701 and EXP OUT IS b58f776fdcf64f3512631f428a05f701 
# 
# 
# SUCCESS [32901]: OUT IS 57f028a74c371c50bfda08445a8e1574 and EXP OUT IS 57f028a74c371c50bfda08445a8e1574 
# 
# 
# SUCCESS [32941]: OUT IS 3b7e2e596a9d1329a89328c901a2c240 and EXP OUT IS 3b7e2e596a9d1329a89328c901a2c240 
# 
# 
# SUCCESS [32981]: OUT IS 30de32fded1224b1bce2a73080976e3e and EXP OUT IS 30de32fded1224b1bce2a73080976e3e 
# 
# 
# SUCCESS [33021]: OUT IS 2fb3db2676bf920e39a2a75f1e072962 and EXP OUT IS 2fb3db2676bf920e39a2a75f1e072962 
# 
# 
# SUCCESS [33061]: OUT IS 020e4d823bb61846c68a618a985d9ba3 and EXP OUT IS 020e4d823bb61846c68a618a985d9ba3 
# 
# 
# SUCCESS [33101]: OUT IS aca10c74ffee3ada77a2ae40ddb71354 and EXP OUT IS aca10c74ffee3ada77a2ae40ddb71354 
# 
# 
# SUCCESS [33141]: OUT IS 8c9b00827c151c928753be9202dbb268 and EXP OUT IS 8c9b00827c151c928753be9202dbb268 
# 
# 
# SUCCESS [33181]: OUT IS a95b0bf10fc5db80e7d0c226955e0ebd and EXP OUT IS a95b0bf10fc5db80e7d0c226955e0ebd 
# 
# 
# SUCCESS [33221]: OUT IS 13b354aa9ac06b0e8f0220e6c8bca6f6 and EXP OUT IS 13b354aa9ac06b0e8f0220e6c8bca6f6 
# 
# 
# SUCCESS [33261]: OUT IS 87fe5951f2f67b9252023df0d2e5a221 and EXP OUT IS 87fe5951f2f67b9252023df0d2e5a221 
# 
# 
# SUCCESS [33301]: OUT IS 528b355fad21ccc42ec810e6d8e11411 and EXP OUT IS 528b355fad21ccc42ec810e6d8e11411 
# 
# 
# SUCCESS [33341]: OUT IS 46afea1b7466cbb2bfc10dc940e2a649 and EXP OUT IS 46afea1b7466cbb2bfc10dc940e2a649 
# 
# 
# SUCCESS [33381]: OUT IS 04a6859ca6477dc1c1bf0b5d67365648 and EXP OUT IS 04a6859ca6477dc1c1bf0b5d67365648 
# 
# 
# SUCCESS [33421]: OUT IS d960d88dc56adda2c6bea6baeded9bef and EXP OUT IS d960d88dc56adda2c6bea6baeded9bef 
# 
# 
# SUCCESS [33461]: OUT IS 835a0d658ed8ede743a7b1680ede0107 and EXP OUT IS 835a0d658ed8ede743a7b1680ede0107 
# 
# 
# SUCCESS [33501]: OUT IS 530bac7399fa690b80ed1fb3e088cc42 and EXP OUT IS 530bac7399fa690b80ed1fb3e088cc42 
# 
# 
# SUCCESS [33541]: OUT IS 96559e911a9b28e1ef2bcd46be2e5cf6 and EXP OUT IS 96559e911a9b28e1ef2bcd46be2e5cf6 
# 
# 
# SUCCESS [33581]: OUT IS 22523741f865e249d0e0ededf0246642 and EXP OUT IS 22523741f865e249d0e0ededf0246642 
# 
# 
# SUCCESS [33621]: OUT IS 6308504982f9e2e43cdb03920b938227 and EXP OUT IS 6308504982f9e2e43cdb03920b938227 
# 
# 
# SUCCESS [33661]: OUT IS a28c8dba3b5bb025938f349ef7c00915 and EXP OUT IS a28c8dba3b5bb025938f349ef7c00915 
# 
# 
# SUCCESS [33701]: OUT IS 0334eec5ecb5ab6e5d32baa8a5c67222 and EXP OUT IS 0334eec5ecb5ab6e5d32baa8a5c67222 
# 
# 
# SUCCESS [33741]: OUT IS 27a42a643576a04fb3f767cb6cce7f88 and EXP OUT IS 27a42a643576a04fb3f767cb6cce7f88 
# 
# 
# SUCCESS [33781]: OUT IS 62a3b97bab31c87737737ddc5db6ad69 and EXP OUT IS 62a3b97bab31c87737737ddc5db6ad69 
# 
# 
# SUCCESS [33821]: OUT IS dac9dbd5e15b0fced68ef446dd081c9a and EXP OUT IS dac9dbd5e15b0fced68ef446dd081c9a 
# 
# 
# SUCCESS [33861]: OUT IS e3a249f4bdec3a3b3f1873be44d60612 and EXP OUT IS e3a249f4bdec3a3b3f1873be44d60612 
# 
# 
# SUCCESS [33901]: OUT IS aaf32df129f53ba57299cf5af34db9e8 and EXP OUT IS aaf32df129f53ba57299cf5af34db9e8 
# 
# 
# SUCCESS [33941]: OUT IS 1df3a4f56c66272bb22576b10a9db02e and EXP OUT IS 1df3a4f56c66272bb22576b10a9db02e 
# 
# 
# SUCCESS [33981]: OUT IS a318973eec851ed3a5f2d1584c9b7025 and EXP OUT IS a318973eec851ed3a5f2d1584c9b7025 
# 
# 
# SUCCESS [34021]: OUT IS ac3acba2e11cf43776ac16928b90bf76 and EXP OUT IS ac3acba2e11cf43776ac16928b90bf76 
# 
# 
# SUCCESS [34061]: OUT IS a14b8308d659e4be218a40b926edf844 and EXP OUT IS a14b8308d659e4be218a40b926edf844 
# 
# 
# SUCCESS [34101]: OUT IS cbfec753291bc6176649942717fc1772 and EXP OUT IS cbfec753291bc6176649942717fc1772 
# 
# 
# SUCCESS [34141]: OUT IS 5eb2757cc34921e25db7c74731aa38bf and EXP OUT IS 5eb2757cc34921e25db7c74731aa38bf 
# 
# 
# SUCCESS [34181]: OUT IS c240f3c3e29b2d79ed66ebaad8b48e83 and EXP OUT IS c240f3c3e29b2d79ed66ebaad8b48e83 
# 
# 
# SUCCESS [34221]: OUT IS 70eab904344a38ff6164c37037f17732 and EXP OUT IS 70eab904344a38ff6164c37037f17732 
# 
# 
# SUCCESS [34261]: OUT IS 29b0cc30564244c4fea9ddbe22862fef and EXP OUT IS 29b0cc30564244c4fea9ddbe22862fef 
# 
# 
# SUCCESS [34301]: OUT IS 0d411e721a9d5a3439dc3bf67c78aa70 and EXP OUT IS 0d411e721a9d5a3439dc3bf67c78aa70 
# 
# 
# SUCCESS [34341]: OUT IS 8b467f7481b4a7fbb66f7170d074fa60 and EXP OUT IS 8b467f7481b4a7fbb66f7170d074fa60 
# 
# 
# SUCCESS [34381]: OUT IS 0f77488f758f59cfee33bba4b4d4b1a4 and EXP OUT IS 0f77488f758f59cfee33bba4b4d4b1a4 
# 
# 
# SUCCESS [34421]: OUT IS c98b08306e28df93a90876f5d21bdf62 and EXP OUT IS c98b08306e28df93a90876f5d21bdf62 
# 
# 
# SUCCESS [34461]: OUT IS caa519d503c08d513f2800ff5951cbf7 and EXP OUT IS caa519d503c08d513f2800ff5951cbf7 
# 
# 
# SUCCESS [34501]: OUT IS 66b4271caa5856208c2b81c3f2640c37 and EXP OUT IS 66b4271caa5856208c2b81c3f2640c37 
# 
# 
# SUCCESS [34541]: OUT IS 1b35a4ee6d16e026c70f96f3e7987bb4 and EXP OUT IS 1b35a4ee6d16e026c70f96f3e7987bb4 
# 
# 
# SUCCESS [34581]: OUT IS 7613080dccb31fd67e52fe87b1ff1c07 and EXP OUT IS 7613080dccb31fd67e52fe87b1ff1c07 
# 
# 
# SUCCESS [34621]: OUT IS 2f9385d7afb02e1b93bfce3b4a03b1db and EXP OUT IS 2f9385d7afb02e1b93bfce3b4a03b1db 
# 
# 
# SUCCESS [34661]: OUT IS c3c064b0d4baefa38a5b5658a0cc6ffa and EXP OUT IS c3c064b0d4baefa38a5b5658a0cc6ffa 
# 
# 
# SUCCESS [34701]: OUT IS cc71f46fc480aae5bcafb9523c819ea3 and EXP OUT IS cc71f46fc480aae5bcafb9523c819ea3 
# 
# 
# SUCCESS [34741]: OUT IS 71a6c465435fe47f80f797717ff7a9e3 and EXP OUT IS 71a6c465435fe47f80f797717ff7a9e3 
# 
# 
# SUCCESS [34781]: OUT IS 6450ac9c1b39ee0950e94f5993c6f5ef and EXP OUT IS 6450ac9c1b39ee0950e94f5993c6f5ef 
# 
# 
# SUCCESS [34821]: OUT IS fadf3df3e04b38f86ed10333f5a6d714 and EXP OUT IS fadf3df3e04b38f86ed10333f5a6d714 
# 
# 
# SUCCESS [34861]: OUT IS a411190bca25dde7a478a42825718355 and EXP OUT IS a411190bca25dde7a478a42825718355 
# 
# 
# SUCCESS [34901]: OUT IS 04a9637bfab35be9a24f19599d166a34 and EXP OUT IS 04a9637bfab35be9a24f19599d166a34 
# 
# 
# SUCCESS [34941]: OUT IS ee75fb018cc5b5cf9da247177b041c34 and EXP OUT IS ee75fb018cc5b5cf9da247177b041c34 
# 
# 
# SUCCESS [34981]: OUT IS 1997da92aafde070237682c76bac774c and EXP OUT IS 1997da92aafde070237682c76bac774c 
# 
# 
# SUCCESS [35021]: OUT IS 6b4e63e766fbe9ba35bb21e0bcdcb31c and EXP OUT IS 6b4e63e766fbe9ba35bb21e0bcdcb31c 
# 
# 
# SUCCESS [35061]: OUT IS 732fa96f3b29fc1381a9d2434af58e68 and EXP OUT IS 732fa96f3b29fc1381a9d2434af58e68 
# 
# 
# SUCCESS [35101]: OUT IS 75917c9174000bb85de4730ccf1062f3 and EXP OUT IS 75917c9174000bb85de4730ccf1062f3 
# 
# 
# SUCCESS [35141]: OUT IS 6a2db8fc6789a784f620775b9fbe746e and EXP OUT IS 6a2db8fc6789a784f620775b9fbe746e 
# 
# 
# SUCCESS [35181]: OUT IS 6712e0248e9b4a3944bc48bfb10df0e6 and EXP OUT IS 6712e0248e9b4a3944bc48bfb10df0e6 
# 
# 
# SUCCESS [35221]: OUT IS f1cdeafc2289f4c6afb1c5942ec4bc6e and EXP OUT IS f1cdeafc2289f4c6afb1c5942ec4bc6e 
# 
# 
# SUCCESS [35261]: OUT IS add697db43d4e694474ba85d44236610 and EXP OUT IS add697db43d4e694474ba85d44236610 
# 
# 
# SUCCESS [35301]: OUT IS 79d8af35e3b9bc7f9bd384b13b20fd53 and EXP OUT IS 79d8af35e3b9bc7f9bd384b13b20fd53 
# 
# 
# SUCCESS [35341]: OUT IS 4788c9e36c32da09ad6658b93f3ca21a and EXP OUT IS 4788c9e36c32da09ad6658b93f3ca21a 
# 
# 
# SUCCESS [35381]: OUT IS 1097c6259f6d60885d187e9dd531f333 and EXP OUT IS 1097c6259f6d60885d187e9dd531f333 
# 
# 
# SUCCESS [35421]: OUT IS 9b5ecac2efbb11a388b01f79577ade16 and EXP OUT IS 9b5ecac2efbb11a388b01f79577ade16 
# 
# 
# SUCCESS [35461]: OUT IS da39343f6e4809124df13cdd15242629 and EXP OUT IS da39343f6e4809124df13cdd15242629 
# 
# 
# SUCCESS [35501]: OUT IS 795ebc3c67d3cedf4524bf96a8142bcc and EXP OUT IS 795ebc3c67d3cedf4524bf96a8142bcc 
# 
# 
# SUCCESS [35541]: OUT IS 45586ff204c889e88f9d221eb78153ba and EXP OUT IS 45586ff204c889e88f9d221eb78153ba 
# 
# 
# SUCCESS [35581]: OUT IS e0a6ac490efd0a5a9e25207e06af92fd and EXP OUT IS e0a6ac490efd0a5a9e25207e06af92fd 
# 
# 
# SUCCESS [35621]: OUT IS 81d3bc63d846152934261a7e5608168a and EXP OUT IS 81d3bc63d846152934261a7e5608168a 
# 
# 
# SUCCESS [35661]: OUT IS eda00c675b2b1459d791657cc0b2dd40 and EXP OUT IS eda00c675b2b1459d791657cc0b2dd40 
# 
# 
# SUCCESS [35701]: OUT IS f82d624fe38fb0afa6d40b9d71648063 and EXP OUT IS f82d624fe38fb0afa6d40b9d71648063 
# 
# 
# SUCCESS [35741]: OUT IS 88221fab0f066f9d25e9b2d49599d282 and EXP OUT IS 88221fab0f066f9d25e9b2d49599d282 
# 
# 
# SUCCESS [35781]: OUT IS e07e2669d6b7be4b19c03a6ad5e49841 and EXP OUT IS e07e2669d6b7be4b19c03a6ad5e49841 
# 
# 
# SUCCESS [35821]: OUT IS fd28e49e37f29d191d3d7fbb77122bb3 and EXP OUT IS fd28e49e37f29d191d3d7fbb77122bb3 
# 
# 
# SUCCESS [35861]: OUT IS 9159365047bdfeb9d47a9d6f14584c46 and EXP OUT IS 9159365047bdfeb9d47a9d6f14584c46 
# 
# 
# SUCCESS [35901]: OUT IS c94b5326ce23bf4eacdb392b0a9112bd and EXP OUT IS c94b5326ce23bf4eacdb392b0a9112bd 
# 
# 
# SUCCESS [35941]: OUT IS 7e7ef170575b0961e32f1340fa94599f and EXP OUT IS 7e7ef170575b0961e32f1340fa94599f 
# 
# 
# SUCCESS [35981]: OUT IS 6196d20c9457930c5e99b1a8c45599b6 and EXP OUT IS 6196d20c9457930c5e99b1a8c45599b6 
# 
# 
# SUCCESS [36021]: OUT IS cc36630046fafb91f73e451d6e13a45c and EXP OUT IS cc36630046fafb91f73e451d6e13a45c 
# 
# 
# SUCCESS [36061]: OUT IS 535504851ff4450d937f412472d78c89 and EXP OUT IS 535504851ff4450d937f412472d78c89 
# 
# 
# SUCCESS [36101]: OUT IS c8e0e696021ea5ef44dd83e56a5eb1ab and EXP OUT IS c8e0e696021ea5ef44dd83e56a5eb1ab 
# 
# 
# SUCCESS [36141]: OUT IS dc25aa60581c07eaaf64524d28cc1f38 and EXP OUT IS dc25aa60581c07eaaf64524d28cc1f38 
# 
# 
# SUCCESS [36181]: OUT IS c5d4f8328352b9f2e30e6ab4ddf415b0 and EXP OUT IS c5d4f8328352b9f2e30e6ab4ddf415b0 
# 
# 
# SUCCESS [36221]: OUT IS f754f4289b084d77b35a3e57093f601c and EXP OUT IS f754f4289b084d77b35a3e57093f601c 
# 
# 
# SUCCESS [36261]: OUT IS bb5559cdf19a29adf25d90a1ee319217 and EXP OUT IS bb5559cdf19a29adf25d90a1ee319217 
# 
# 
# SUCCESS [36301]: OUT IS cd50fdcef4f15b32c45dd0d428f5b32e and EXP OUT IS cd50fdcef4f15b32c45dd0d428f5b32e 
# 
# 
# SUCCESS [36341]: OUT IS 650555a5b7e8e165cd9974d91dc466a9 and EXP OUT IS 650555a5b7e8e165cd9974d91dc466a9 
# 
# 
# SUCCESS [36381]: OUT IS 7ae23979a39e6c8f8699a727ae223cb2 and EXP OUT IS 7ae23979a39e6c8f8699a727ae223cb2 
# 
# 
# SUCCESS [36421]: OUT IS 2ccbf4f21c3589d0a30ceb35d1754829 and EXP OUT IS 2ccbf4f21c3589d0a30ceb35d1754829 
# 
# 
# SUCCESS [36461]: OUT IS a043ce93b840de8e0fca32b0343e0c69 and EXP OUT IS a043ce93b840de8e0fca32b0343e0c69 
# 
# 
# SUCCESS [36501]: OUT IS 7669bfa33cc8ec703ac856624ba792ce and EXP OUT IS 7669bfa33cc8ec703ac856624ba792ce 
# 
# 
# SUCCESS [36541]: OUT IS 11bd37c93a82b11023ef89935aef4945 and EXP OUT IS 11bd37c93a82b11023ef89935aef4945 
# 
# 
# SUCCESS [36581]: OUT IS df3b682f88ee33bd20793a3e13dea374 and EXP OUT IS df3b682f88ee33bd20793a3e13dea374 
# 
# 
# SUCCESS [36621]: OUT IS dd73baa19f98c61b779812fbf3c794af and EXP OUT IS dd73baa19f98c61b779812fbf3c794af 
# 
# 
# SUCCESS [36661]: OUT IS 6f7f57ea6ecf13c894055a3404d2945b and EXP OUT IS 6f7f57ea6ecf13c894055a3404d2945b 
# 
# 
# SUCCESS [36701]: OUT IS 69643aefa97f488cadcff3aabe04d74c and EXP OUT IS 69643aefa97f488cadcff3aabe04d74c 
# 
# 
# SUCCESS [36741]: OUT IS 69b827ea3c0d5acb6cfe85e67ff854ee and EXP OUT IS 69b827ea3c0d5acb6cfe85e67ff854ee 
# 
# 
# SUCCESS [36781]: OUT IS 76ee2b541093c07ef24abc4994fcc023 and EXP OUT IS 76ee2b541093c07ef24abc4994fcc023 
# 
# 
# SUCCESS [36821]: OUT IS f23bb305d34bf5e11b368fecf0cd7b42 and EXP OUT IS f23bb305d34bf5e11b368fecf0cd7b42 
# 
# 
# SUCCESS [36861]: OUT IS 3a8fefad9b78496cf138ac1d579227d4 and EXP OUT IS 3a8fefad9b78496cf138ac1d579227d4 
# 
# 
# SUCCESS [36901]: OUT IS 04d41877f3ec653bd7f9971c75845347 and EXP OUT IS 04d41877f3ec653bd7f9971c75845347 
# 
# 
# SUCCESS [36941]: OUT IS 35b073ece815f0896bf7346fb95d0ebf and EXP OUT IS 35b073ece815f0896bf7346fb95d0ebf 
# 
# 
# SUCCESS [36981]: OUT IS bc2d417ce17f35e94a92a9600a57f7ce and EXP OUT IS bc2d417ce17f35e94a92a9600a57f7ce 
# 
# 
# SUCCESS [37021]: OUT IS d30ab58be9f2de01ebb9773706b1baf8 and EXP OUT IS d30ab58be9f2de01ebb9773706b1baf8 
# 
# 
# SUCCESS [37061]: OUT IS cb16811c8593a5aa191c7305d44a9ca8 and EXP OUT IS cb16811c8593a5aa191c7305d44a9ca8 
# 
# 
# SUCCESS [37101]: OUT IS 3f6ccaed6c738e81bc6ddd9811f8195b and EXP OUT IS 3f6ccaed6c738e81bc6ddd9811f8195b 
# 
# 
# SUCCESS [37141]: OUT IS 3014277b52eaebe894de8e93216a615f and EXP OUT IS 3014277b52eaebe894de8e93216a615f 
# 
# 
# SUCCESS [37181]: OUT IS c2782c8026f389a4b28365f3fe13c985 and EXP OUT IS c2782c8026f389a4b28365f3fe13c985 
# 
# 
# SUCCESS [37221]: OUT IS 2b6de3626fa4bc0b30ea535e7a3c2b56 and EXP OUT IS 2b6de3626fa4bc0b30ea535e7a3c2b56 
# 
# 
# SUCCESS [37261]: OUT IS afb335182f5bcebd799dfe429025fc35 and EXP OUT IS afb335182f5bcebd799dfe429025fc35 
# 
# 
# SUCCESS [37301]: OUT IS 2b3c2c9107dd0795936d219c8fb7c6c0 and EXP OUT IS 2b3c2c9107dd0795936d219c8fb7c6c0 
# 
# 
# SUCCESS [37341]: OUT IS 808a7fddceddc086347388a4fac52796 and EXP OUT IS 808a7fddceddc086347388a4fac52796 
# 
# 
# SUCCESS [37381]: OUT IS f46205ebc96adeb9b4b8d15055cdabeb and EXP OUT IS f46205ebc96adeb9b4b8d15055cdabeb 
# 
# 
# SUCCESS [37421]: OUT IS 35a67f9bdb52013e3b234d3c0b0f32a8 and EXP OUT IS 35a67f9bdb52013e3b234d3c0b0f32a8 
# 
# 
# SUCCESS [37461]: OUT IS 915ddc46c019282579f5ff25ce2de37e and EXP OUT IS 915ddc46c019282579f5ff25ce2de37e 
# 
# 
# SUCCESS [37501]: OUT IS 1b9ca4ea5c554ee4c34abdbad472a945 and EXP OUT IS 1b9ca4ea5c554ee4c34abdbad472a945 
# 
# 
# SUCCESS [37541]: OUT IS 14c676873f2e5b5cd88cae431708831d and EXP OUT IS 14c676873f2e5b5cd88cae431708831d 
# 
# 
# SUCCESS [37581]: OUT IS 146063cc96d2f40128d56bd32d1d82a8 and EXP OUT IS 146063cc96d2f40128d56bd32d1d82a8 
# 
# 
# SUCCESS [37621]: OUT IS 16b9a8a868ec61315784d6b504b4fe25 and EXP OUT IS 16b9a8a868ec61315784d6b504b4fe25 
# 
# 
# SUCCESS [37661]: OUT IS 1b232d1091ac56813342d549b7cf9afa and EXP OUT IS 1b232d1091ac56813342d549b7cf9afa 
# 
# 
# SUCCESS [37701]: OUT IS 5bd549cc63ae7532932e86f59b9ad040 and EXP OUT IS 5bd549cc63ae7532932e86f59b9ad040 
# 
# 
# SUCCESS [37741]: OUT IS 7d36fb98bbb68904555fb8a1165980fb and EXP OUT IS 7d36fb98bbb68904555fb8a1165980fb 
# 
# 
# SUCCESS [37781]: OUT IS f8f59aec62729bc7d6ac9fe09c61c4ca and EXP OUT IS f8f59aec62729bc7d6ac9fe09c61c4ca 
# 
# 
# SUCCESS [37821]: OUT IS df528f25a5f4a8626c1c87aeaa166694 and EXP OUT IS df528f25a5f4a8626c1c87aeaa166694 
# 
# 
# SUCCESS [37861]: OUT IS 24f8f6438d70440291477bc51beb0660 and EXP OUT IS 24f8f6438d70440291477bc51beb0660 
# 
# 
# SUCCESS [37901]: OUT IS 0ea246c9475d229b0625e6ecc8dc702f and EXP OUT IS 0ea246c9475d229b0625e6ecc8dc702f 
# 
# 
# SUCCESS [37941]: OUT IS 860ebad3317da62ec6440b45ba2674a2 and EXP OUT IS 860ebad3317da62ec6440b45ba2674a2 
# 
# 
# SUCCESS [37981]: OUT IS 66ef9cb9ea59207fdc1203c208a67a65 and EXP OUT IS 66ef9cb9ea59207fdc1203c208a67a65 
# 
# 
# SUCCESS [38021]: OUT IS c4244d82e5af629dd126a44be09e1fb4 and EXP OUT IS c4244d82e5af629dd126a44be09e1fb4 
# 
# 
# SUCCESS [38061]: OUT IS ea7450b20bc09359193f68166cc5d73b and EXP OUT IS ea7450b20bc09359193f68166cc5d73b 
# 
# 
# SUCCESS [38101]: OUT IS 13151b81cbe97b7f5661e327b54e57d7 and EXP OUT IS 13151b81cbe97b7f5661e327b54e57d7 
# 
# 
# SUCCESS [38141]: OUT IS d228ba58daca9ba8d5606bb9d0ea5631 and EXP OUT IS d228ba58daca9ba8d5606bb9d0ea5631 
# 
# 
# SUCCESS [38181]: OUT IS 7210dd376e54ecfa36554bc3ceadbab6 and EXP OUT IS 7210dd376e54ecfa36554bc3ceadbab6 
# 
# 
# SUCCESS [38221]: OUT IS ddc5263fc9922f10093fef886c49b678 and EXP OUT IS ddc5263fc9922f10093fef886c49b678 
# 
# 
# SUCCESS [38261]: OUT IS 774717444d329e0d7e1721d20ad62063 and EXP OUT IS 774717444d329e0d7e1721d20ad62063 
# 
# 
# SUCCESS [38301]: OUT IS 332aa331ab319881dc5efae352eb66fa and EXP OUT IS 332aa331ab319881dc5efae352eb66fa 
# 
# 
# SUCCESS [38341]: OUT IS adbc61ce26998bd6f9e6af3c94b099ea and EXP OUT IS adbc61ce26998bd6f9e6af3c94b099ea 
# 
# 
# SUCCESS [38381]: OUT IS c483c0c40beb78039b98c3ece0cfa8c8 and EXP OUT IS c483c0c40beb78039b98c3ece0cfa8c8 
# 
# 
# SUCCESS [38421]: OUT IS 76eb00939d1169f4e1fd30f04c733c46 and EXP OUT IS 76eb00939d1169f4e1fd30f04c733c46 
# 
# 
# SUCCESS [38461]: OUT IS f9dd7208c22a466610b97a893b8fb6b0 and EXP OUT IS f9dd7208c22a466610b97a893b8fb6b0 
# 
# 
# SUCCESS [38501]: OUT IS 3e5417261db76a1f55111867215b8469 and EXP OUT IS 3e5417261db76a1f55111867215b8469 
# 
# 
# SUCCESS [38541]: OUT IS c198e46abc17469f8ca41911853351f6 and EXP OUT IS c198e46abc17469f8ca41911853351f6 
# 
# 
# SUCCESS [38581]: OUT IS 0f8d014b95226f4dc58fee464bd47ebf and EXP OUT IS 0f8d014b95226f4dc58fee464bd47ebf 
# 
# 
# SUCCESS [38621]: OUT IS 0337601a449c859c1c63c07ff4fe024b and EXP OUT IS 0337601a449c859c1c63c07ff4fe024b 
# 
# 
# SUCCESS [38661]: OUT IS d768c5c2a3e4797aa498d444cb8ea702 and EXP OUT IS d768c5c2a3e4797aa498d444cb8ea702 
# 
# 
# SUCCESS [38701]: OUT IS 9eeb5ea85d6b03e7516309793f32d85e and EXP OUT IS 9eeb5ea85d6b03e7516309793f32d85e 
# 
# 
# SUCCESS [38741]: OUT IS f887371b047bf20f02b34eef23a8658c and EXP OUT IS f887371b047bf20f02b34eef23a8658c 
# 
# 
# SUCCESS [38781]: OUT IS bf19aaabed39edb1997df4fa2d9bf905 and EXP OUT IS bf19aaabed39edb1997df4fa2d9bf905 
# 
# 
# SUCCESS [38821]: OUT IS 21b9de8bda4f533aef82b7f07d0d5289 and EXP OUT IS 21b9de8bda4f533aef82b7f07d0d5289 
# 
# 
# SUCCESS [38861]: OUT IS 88f92638ed10cf5e728a0275c637190e and EXP OUT IS 88f92638ed10cf5e728a0275c637190e 
# 
# 
# SUCCESS [38901]: OUT IS 176a27c966c5067ef8d910988e989400 and EXP OUT IS 176a27c966c5067ef8d910988e989400 
# 
# 
# SUCCESS [38941]: OUT IS 04457bd70b216bc4a1542b3982318843 and EXP OUT IS 04457bd70b216bc4a1542b3982318843 
# 
# Break key hit
# 
# SUCCESS [38981]: OUT IS d4a46f22d1631f6d559dd0192f0623e6 and EXP OUT IS d4a46f22d1631f6d559dd0192f0623e6 
# 
# Break in Module sbox at sbox.v line 9
# ** Error: Acs sdne.
# erD’  
#        Unable to replace existing ini file (D:/Mustafa/Projects/Verification/AES_UVM_ENV/UVM/aes_uvm_testing.mpf).  File can not be renamed.
# ** Error: Acs sdne.
# 
#        Unable to replace existing ini file (D:/Mustafa/Projects/Verification/AES_UVM_ENV/UVM/aes_uvm_testing.mpf).  File can not be renamed.
# ** Error: Acs sdne.
# 
#        Unable to replace existing ini file (D:/Mustafa/Projects/Verification/AES_UVM_ENV/UVM/aes_uvm_testing.mpf).  File can not be renamed.
# Saving coverage database on exit...
# End time: 01:17:36 on Sep 09,2025, Elapsed time: 0:04:14
# Errors: 3, Warnings: 2
# Closing project D:/Mustafa/Projects/Verification/AES_UVM_ENV/UVM/aes_uvm_testing.mpf
# reading D:/Mentor_Graphics_QuestaSim_2021.1x64/win64/../modelsim.ini
# Loading project aes_uvm
